,title,creator1,creator2,creator3,creator4,creator5,creator6,creator7,creator8,creator9,creator10,creator11,actor1,actor2,actor3,time,year,genre1,genre2,genre3,genre4,genre5,genre6,genre7,genre8,genre9,genre10,Count
0,The Walking Dead,Frank Darabont,,,,,,,,,,,Andrew Lincoln,Jon Bernthal,Sarah Wayne Callies ,44,2010,Drama , Horror,,,,,,,,,1
1,Jessica Jones,Melissa Rosenberg,,,,,,,,,,,Krysten Ritter,Rachael Taylor,Eka Darville ,60,2015,Action , Crime , Drama , Sci-Fi,,,,,,,1
2,Game of Thrones,David Benioff,D.B. Weiss,,,,,,,,,,Emilia Clarke,Peter Dinklage,Kit Harington ,56,2011,Adventure , Drama , Fantasy,,,,,,,,1
3,The Man in the High Castle,Frank Spotnitz,,,,,,,,,,,Alexa Davalos,Rupert Evans,Luke Kleintank ,60,2015,Drama , Sci-Fi , Thriller,,,,,,,,1
4,The Flash,Greg Berlanti,Geoff Johns,Andrew Kreisberg,,,,,,,,,Grant Gustin,Candice Patton,Danielle Panabaker ,43,2014,Action , Adventure , Drama , Fantasy , Sci-Fi,,,,,,1
5,Arrow,Greg Berlanti,Andrew Kreisberg,Marc Guggenheim,,,,,,,,,Stephen Amell,Katie Cassidy,David Ramsey ,42,2012,Action , Adventure , Crime , Drama , Mystery , Sci-Fi,,,,,1
6,Fargo,,,,,,,,,,,,Billy Bob Thornton,Martin Freeman,Kirsten Dunst ,53,2014,Crime , Drama , Thriller,,,,,,,,1
7,Gotham,Bruno Heller,,,,,,,,,,,Ben McKenzie,Jada Pinkett Smith,Donal Logue ,42,2014,Crime , Drama , Thriller,,,,,,,,1
8,American Horror Story,Brad Falchuk,Ryan Murphy,,,,,,,,,,Evan Peters,Sarah Paulson,Denis O'Hare ,60,2011,Drama , Horror , Thriller,,,,,,,,1
9,Into the Badlands,Alfred Gough,Miles Millar,,,,,,,,,,Daniel Wu,Orla Brady,Sarah Bolger ,42,2015,Action , Adventure , Drama,,,,,,,,1
10,Supergirl,Ali Adler,Greg Berlanti,Andrew Kreisberg,,,,,,,,,Melissa Benoist,Mehcad Brooks,Chyler Leigh ,43,2015,Action , Adventure , Sci-Fi,,,,,,,,1
11,Doctor Who,Sydney Newman,,,,,,,,,,,Peter Capaldi,Jenna Coleman,Matt Smith ,45,2005,Adventure , Drama , Family , Mystery , Sci-Fi,,,,,,1
12,The Big Bang Theory,Chuck Lorre,Bill Prady,,,,,,,,,,Johnny Galecki,Jim Parsons,Kaley Cuoco ,22,2007,Comedy,,,,,,,,,,1
13,Supernatural,Eric Kripke,,,,,,,,,,,Jared Padalecki,Jensen Ackles,Jim Beaver ,44,2005,Drama , Fantasy , Horror , Mystery , Thriller,,,,,,1
14,Once Upon a Time,Adam Horowitz,Edward Kitsis,,,,,,,,,,Ginnifer Goodwin,Jennifer Morrison,Lana Parrilla ,44,2011,Adventure , Fantasy , Romance,,,,,,,,1
15,Homeland,Alex Gansa,Howard Gordon,,,,,,,,,,Claire Danes,Mandy Patinkin,Rupert Friend ,55,2011,Drama , Mystery , Thriller,,,,,,,,1
16,Grey's Anatomy,Shonda Rhimes,,,,,,,,,,,Ellen Pompeo,Justin Chambers,Chandra Wilson ,41,2005,Drama , Romance,,,,,,,,,1
17,The Vampire Diaries,Julie Plec,Kevin Williamson,,,,,,,,,,Nina Dobrev,Paul Wesley,Ian Somerhalder ,43,2009,Drama , Fantasy , Horror , Mystery , Romance , Thriller,,,,,1
18,Agents of S.H.I.E.L.D.,Maurissa Tancharoen,Jed Whedon,Joss Whedon,,,,,,,,,Clark Gregg,Ming-Na Wen,Brett Dalton ,45,2013,Action , Drama , Sci-Fi , Thriller,,,,,,,1
19,Daredevil,Drew Goddard,,,,,,,,,,,Charlie Cox,Vincent D'Onofrio,Deborah Ann Woll ,54,2015,Action , Crime , Drama,,,,,,,,1
20,Blindspot,Martin Gero,,,,,,,,,,,Sullivan Stapleton,Jaimie Alexander,Rob Brown ,42,2015,Drama , Mystery , Thriller,,,,,,,,1
21,Scream Queens,Ian Brennan,Brad Falchuk,Ryan Murphy,,,,,,,,,Emma Roberts,Skyler Samuels,Lea Michele ,45,2015,Comedy , Horror,,,,,,,,,1
22,Empire,Lee Daniels,Danny Strong,,,,,,,,,,Terrence Howard,Taraji P. Henson,Jussie Smollett ,42,2015,Drama , Music,,,,,,,,,1
23,The Last Kingdom,,,,,,,,,,,,Alexander Dreymon,Ian Hart,David Dawson ,60,2015,Action , History , Romance,,,,,,,,1
24,Quantico,Joshua Safran,,,,,,,,,,,Josh Hopkins,Priyanka Chopra,Jake McLaughlin ,42,2015,Crime , Drama , Mystery , Thriller,,,,,,,1
25,The Leftovers,Damon Lindelof,Tom Perrotta,,,,,,,,,,Justin Theroux,Amy Brenneman,Christopher Eccleston ,60,2014,Drama , Fantasy , Mystery,,,,,,,,1
26,The 100,Jason Rothenberg,,,,,,,,,,,Eliza Taylor,Eli Goree,Thomas McDonell ,43,2014,Drama , Mystery , Sci-Fi,,,,,,,,1
27,Vikings,Michael Hirst,,,,,,,,,,,Travis Fimmel,Clive Standen,Gustaf Skarsgård ,44,2013,Action , Drama , History , War,,,,,,,1
28,Modern Family,Steven Levitan,Christopher Lloyd,,,,,,,,,,Ed O'Neill,Sofía Vergara,Julie Bowen ,22,2009,Comedy,,,,,,,,,,1
29,The Blacklist,Jon Bokenkamp,,,,,,,,,,,James Spader,Megan Boone,Diego Klattenhoff ,43,2013,Crime , Drama , Mystery , Romance , Thriller,,,,,,1
30,Breaking Bad,Vince Gilligan,,,,,,,,,,,Bryan Cranston,Aaron Paul,Anna Gunn ,47,2008,Crime , Drama , Thriller,,,,,,,,1
31,Sherlock,Mark Gatiss,Steven Moffat,,,,,,,,,,Benedict Cumberbatch,Martin Freeman,Una Stubbs ,88,2010,Crime , Drama , Mystery,,,,,,,,1
32,Ash vs Evil Dead,Ivan Raimi,Sam Raimi,Tom Spezialy,,,,,,,,,Bruce Campbell,Ray Santiago,Dana DeLorenzo ,30,2015,Action , Comedy , Horror,,,,,,,,1
33,NCIS,Donald P. Bellisario,Don McGill,,,,,,,,,,Mark Harmon,Michael Weatherly,Pauley Perrette ,60,2003,Action , Comedy , Crime , Drama , Mystery , Thriller,,,,,1
34,Limitless,Craig Sweeny,,,,,,,,,,,Jake McDorman,Jennifer Carpenter,Hill Harper ,42,2015,Drama , Sci-Fi , Thriller,,,,,,,,1
35,Criminal Minds,Jeff Davis,,,,,,,,,,,Shemar Moore,Matthew Gray Gubler,Thomas Gibson ,42,2005,Crime , Drama , Mystery , Thriller,,,,,,,1
36,Master of None,Aziz Ansari,Alan Yang,,,,,,,,,,Aziz Ansari,Noël Wells,Lena Waithe ,30,2015,Comedy,,,,,,,,,,1
37,Orange Is the New Black,,,,,,,,,,,,Taylor Schilling,Danielle Brooks,Taryn Manning ,59,2013,Comedy , Crime , Drama,,,,,,,,1
38,How to Get Away with Murder,Peter Nowalk,,,,,,,,,,,Viola Davis,Billy Brown,Alfred Enoch ,43,2014,Crime , Drama , Mystery , Thriller,,,,,,,1
39,Friends,David Crane,Marta Kauffman,,,,,,,,,,Jennifer Aniston,Courteney Cox,Lisa Kudrow ,22,1994,Comedy , Romance,,,,,,,,,1
40,Sons of Anarchy,Kurt Sutter,,,,,,,,,,,Charlie Hunnam,Mark Boone Junior,Katey Sagal ,45,2008,Crime , Drama , Thriller,,,,,,,,1
41,Mr. Robot,Sam Esmail,,,,,,,,,,,Rami Malek,Christian Slater,Portia Doubleday ,49,2015,Crime , Drama,,,,,,,,,1
42,The Affair,Hagai Levi,Sarah Treem,,,,,,,,,,Dominic West,Ruth Wilson,Maura Tierney ,60,2014,Drama,,,,,,,,,,1
43,Narcos,Carlo Bernard,Chris Brancato,Doug Miro,Paul Eckstein,,,,,,,,Wagner Moura,Boyd Holbrook,Pedro Pascal ,49,2015,Biography , Crime , Drama,,,,,,,,1
44,Fear the Walking Dead,Dave Erickson,Robert Kirkman,,,,,,,,,,Kim Dickens,Cliff Curtis,Frank Dillane ,60,2015,Drama , Horror,,,,,,,,,1
45,Downton Abbey,Julian Fellowes,,,,,,,,,,,Hugh Bonneville,Phyllis Logan,Elizabeth McGovern ,65,2010,Drama , Romance,,,,,,,,,1
46,Superstore,Justin Spitzer,,,,,,,,,,,America Ferrera,Ben Feldman,Lauren Ash ,30,2015,Comedy,,,,,,,,,,1
47,The Expanse,,,,,,,,,,,,Thomas Jane,Steven Strait,Cas Anvar ,60,2015,Mystery , Sci-Fi,,,,,,,,,1
48,House of Cards,Beau Willimon,,,,,,,,,,,Kevin Spacey,Michel Gill,Robin Wright ,51,2013,Drama,,,,,,,,,,1
49,Grimm,Stephen Carpenter,David Greenwalt,Jim Kouf,,,,,,,,,David Giuntoli,Russell Hornsby,Silas Weir Mitchell ,45,2011,Drama , Fantasy , Horror , Mystery,,,,,,,1
50,Bones,Hart Hanson,,,,,,,,,,,Emily Deschanel,David Boreanaz,Michaela Conlin ,40,2005,Comedy , Crime , Drama , Mystery , Romance,,,,,,1
51,Pretty Little Liars,I. Marlene King,,,,,,,,,,,Troian Bellisario,Ashley Benson,Lucy Hale ,60,2010,Drama , Mystery , Thriller,,,,,,,,1
52,Person of Interest,Jonathan Nolan,,,,,,,,,,,Jim Caviezel,Taraji P. Henson,Kevin Chapman ,43,2011,Action , Drama , Mystery , Sci-Fi , Thriller,,,,,,1
53,Suits,Aaron Korsh,,,,,,,,,,,Gabriel Macht,Patrick J. Adams,Meghan Markle ,44,2011,Comedy , Drama,,,,,,,,,1
54,The Originals,Julie Plec,,,,,,,,,,,Joseph Morgan,Daniel Gillies,Claire Holt ,45,2013,Drama , Fantasy , Horror , Mystery,,,,,,,1
55,Castle,Andrew W. Marlowe,,,,,,,,,,,Nathan Fillion,Stana Katic,Susan Sullivan ,43,2009,Comedy , Crime , Drama , Mystery,,,,,,,1
56,True Detective,Nic Pizzolatto,,,,,,,,,,,Vince Vaughn,Colin Farrell,Rachel McAdams ,55,2014,Crime , Drama , Mystery , Thriller,,,,,,,1
57,Reign,Laurie McCarthy,Stephanie Sengupta,,,,,,,,,,Adelaide Kane,Megan Follows,Torrance Coombs ,42,2013,Drama , Fantasy,,,,,,,,,1
58,How I Met Your Mother,Carter Bays,Craig Thomas,,,,,,,,,,Josh Radnor,Jason Segel,Cobie Smulders ,22,2005,Comedy , Romance,,,,,,,,,1
59,The Good Wife,Michelle King,Robert King,,,,,,,,,,Julianna Margulies,Chris Noth,Josh Charles ,60,2009,Crime , Drama , Mystery,,,,,,,,1
60,South Park,Trey Parker,Matt Stone,Brian Graden,,,,,,,,,Trey Parker,Matt Stone,Isaac Hayes ,22,1997,Animation , Comedy,,,,,,,,,1
61,Dexter,James Manos Jr.,,,,,,,,,,,Michael C. Hall,Jennifer Carpenter,David Zayas ,53,2006,Crime , Drama , Mystery , Thriller,,,,,,,1
62,iZombie,Diane Ruggiero,Rob Thomas,,,,,,,,,,Rose McIver,Malcolm Goodwin,Rahul Kohli ,42,2015,Comedy , Crime , Drama , Horror , Sci-Fi,,,,,,1
63,Mozart in the Jungle,Roman Coppola,Jason Schwartzman,Alex Timbers,Paul Weitz,,,,,,,,Gael García Bernal,Lola Kirke,Saffron Burrows ,29,2014,Comedy,,,,,,,,,,1
64,Jane the Virgin,Jennie Snyder Urman,,,,,,,,,,,Gina Rodriguez,Andrea Navedo,Yael Grobglas ,60,2014,Comedy,,,,,,,,,,1
65,Law & Order: Special Victims Unit,Dick Wolf,,,,,,,,,,,Mariska Hargitay,Christopher Meloni,Ice-T ,60,1999,Crime , Drama , Mystery , Thriller,,,,,,,1
66,The Office,Greg Daniels,Ricky Gervais,Stephen Merchant,,,,,,,,,Rainn Wilson,John Krasinski,Jenna Fischer ,22,2005,Comedy,,,,,,,,,,1
67,Scandal,Shonda Rhimes,,,,,,,,,,,Kerry Washington,Darby Stanchfield,Katie Lowes ,43,2012,Drama , Thriller,,,,,,,,,1
68,House M.D.,David Shore,,,,,,,,,,,Hugh Laurie,Omar Epps,Robert Sean Leonard ,44,2004,Drama , Mystery,,,,,,,,,1
69,Scorpion,Nick Santora,,,,,,,,,,,Eddie Kaye Thomas,Jadyn Wong,Ari Stidham ,43,2014,Action , Drama,,,,,,,,,1
70,Parks and Recreation,Greg Daniels,Michael Schur,,,,,,,,,,Amy Poehler,Jim O'Heir,Nick Offerman ,22,2009,Comedy,,,,,,,,,,1
71,Chicago Fire,Michael Brandt,Derek Haas,,,,,,,,,,Jesse Spencer,Taylor Kinney,Monica Raymund ,43,2012,Action , Drama,,,,,,,,,1
72,Teen Wolf,Jeff Davis,,,,,,,,,,,Tyler Posey,Dylan O'Brien,Linden Ashby ,41,2011,Action , Comedy , Drama , Horror , Romance , Thriller,,,,,1
73,Shameless,John Wells,Paul Abbott,,,,,,,,,,Emmy Rossum,William H. Macy,Ethan Cutkosky ,46,2011,Comedy , Drama,,,,,,,,,1
74,Peaky Blinders,Steven Knight,,,,,,,,,,,Cillian Murphy,Sam Neill,Paul Anderson ,60,2013,Crime , Drama,,,,,,,,,1
75,Lost,J.J. Abrams,Jeffrey Lieber,Damon Lindelof,,,,,,,,,Naveen Andrews,Matthew Fox,Jorge Garcia ,44,2004,Adventure , Drama , Fantasy , Mystery , Sci-Fi , Thriller,,,,,1
76,Flesh and Bone,Moira Walley-Beckett,,,,,,,,,,,Sarah Hay,Ben Daniels,Emily Tyra ,60,2015,Drama,,,,,,,,,,1
77,Outlander,Ronald D. Moore,,,,,,,,,,,Caitriona Balfe,Sam Heughan,Tobias Menzies ,64,2014,Drama , Romance , Sci-Fi,,,,,,,,1
78,The Librarians,John Rogers,,,,,,,,,,,Rebecca Romijn,Christian Kane,Lindy Booth ,42,2014,Action , Adventure , Comedy , Drama , Fantasy,,,,,,1
79,Elementary,Robert Doherty,,,,,,,,,,,Jonny Lee Miller,Lucy Liu,Aidan Quinn ,60,2012,Crime , Drama , Mystery,,,,,,,,1
80,The Wire,David Simon,,,,,,,,,,,Dominic West,Lance Reddick,Sonja Sohn ,59,2002,Crime , Drama , Thriller,,,,,,,,1
81,The X-Files,Chris Carter,,,,,,,,,,,David Duchovny,Gillian Anderson,Mitch Pileggi ,44,1993,Drama , Mystery , Sci-Fi , Thriller,,,,,,,1
82,Hawaii Five-0,Leonard Freeman,Alex Kurtzman,Peter M. Lenkov,Roberto Orci,,,,,,,,Alex O'Loughlin,Scott Caan,Daniel Dae Kim ,42,2010,Action , Crime , Drama,,,,,,,,1
83,Gossip Girl,Stephanie Savage,Josh Schwartz,,,,,,,,,,Blake Lively,Leighton Meester,Penn Badgley ,42,2007,Drama , Romance,,,,,,,,,1
84,Gilmore Girls,Amy Sherman-Palladino,,,,,,,,,,,Lauren Graham,Alexis Bledel,Scott Patterson ,44,2000,Comedy , Drama,,,,,,,,,1
85,The Knick,Jack Amiel,Michael Begler,,,,,,,,,,Clive Owen,André Holland,Jeremy Bobb ,58,2014,Drama,,,,,,,,,,1
86,Chicago Med,Michael Brandt,Derek Haas,Matt Olmstead,Dick Wolf,,,,,,,,Nick Gehlfuss,Yaya DaCosta,Torrey DeVitto ,43,2015,Drama,,,,,,,,,,1
87,Prison Break,Paul Scheuring,,,,,,,,,,,Dominic Purcell,Wentworth Miller,Amaury Nolasco ,44,2005,Action , Crime , Drama , Mystery , Thriller,,,,,,1
88,New Girl,Elizabeth Meriwether,,,,,,,,,,,Zooey Deschanel,Jake Johnson,Max Greenfield ,30,2011,Comedy,,,,,,,,,,1
89,Hannibal,Bryan Fuller,,,,,,,,,,,Hugh Dancy,Mads Mikkelsen,Caroline Dhavernas ,44,2013,Crime , Drama , Horror , Mystery , Thriller,,,,,,1
90,Family Guy,Seth MacFarlane,David Zuckerman,,,,,,,,,,Seth MacFarlane,Alex Borstein,Seth Green ,22,1999,Animation , Comedy,,,,,,,,,1
91,Brooklyn Nine-Nine,Daniel J. Goor,Michael Schur,,,,,,,,,,Andy Samberg,Stephanie Beatriz,Terry Crews ,22,2013,Comedy , Crime,,,,,,,,,1
92,Code Black,Michael Seitzman,,,,,,,,,,,Marcia Gay Harden,Raza Jaffrey,Bonnie Somerville ,42,2015,Drama,,,,,,,,,,1
93,Agent X,W. Blake Herron,,,,,,,,,,,Sharon Stone,Jeff Hephner,John Shea ,60,2015,Action , Drama,,,,,,,,,1
94,The Last Man on Earth,Will Forte,,,,,,,,,,,Will Forte,January Jones,Cleopatra Coleman ,30,2015,Action , Comedy , Romance , Sci-Fi,,,,,,,1
95,The Royals,Mark Schwahn,,,,,,,,,,,Joan Collins,Andrew Bicknell,William Moseley ,42,2015,Drama,,,,,,,,,,1
96,One Tree Hill,Mark Schwahn,,,,,,,,,,,Chad Michael Murray,James Lafferty,Hilarie Burton ,60,2003,Drama , Sport,,,,,,,,,1
97,Agent Carter,Christopher Markus,Stephen McFeely,,,,,,,,,,Hayley Atwell,James D'Arcy,Chad Michael Murray ,42,2015,Action , Adventure , Sci-Fi,,,,,,,,1
98,Mad Men,Matthew Weiner,,,,,,,,,,,Jon Hamm,Elisabeth Moss,Vincent Kartheiser ,47,2007,Drama,,,,,,,,,,1
99,Girlfriends' Guide to Divorce,Marti Noxon,,,,,,,,,,,Lisa Edelstein,Conner Dwelly,Beau Garrett ,60,2014,Comedy , Drama,,,,,,,,,1
100,Z Nation,Karl Schaefer,Craig Engler,,,,,,,,,,Kellita Smith,Keith Allan,Russell Hodgkinson ,44,2014,Action , Drama , Horror , Sci-Fi,,,,,,,1
101,That '70s Show,Mark Brazill,Bonnie Turner,Terry Turner,,,,,,,,,Topher Grace,Laura Prepon,Mila Kunis ,22,1998,Comedy,,,,,,,,,,1
102,Nashville,Callie Khouri,,,,,,,,,,,Connie Britton,Clare Bowen,Hayden Panettiere ,43,2012,Drama , Music,,,,,,,,,1
103,River,,,,,,,,,,,,Stellan Skarsgård,Nicola Walker,Lesley Manville ,60,2015,Crime , Drama,,,,,,,,,1
104,Luther,Neil Cross,,,,,,,,,,,Idris Elba,Warren Brown,Dermot Crowley ,60,2010,Crime , Drama , Mystery,,,,,,,,1
105,Chicago P.D.,Michael Brandt,Derek Haas,Matt Olmstead,Dick Wolf,,,,,,,,Jason Beghe,Jon Seda,Sophia Bush ,60,2014,Action , Drama,,,,,,,,,1
106,Spartacus: War of the Damned,Steven S. DeKnight,,,,,,,,,,,Andy Whitfield,Lucy Lawless,Manu Bennett ,55,2010,Action , Adventure , Biography , Drama , History,,,,,,1
107,The Bridge,,,,,,,,,,,,Sofia Helin,Rafael Pettersson,Dag Malmberg ,60,2011,Crime , Mystery , Thriller,,,,,,,,1
108,It's Always Sunny in Philadelphia,Rob McElhenney,Glenn Howerton,,,,,,,,,,Charlie Day,Glenn Howerton,Rob McElhenney ,22,2005,Comedy,,,,,,,,,,1
109,Broadchurch,Chris Chibnall,,,,,,,,,,,David Tennant,Olivia Colman,Jodie Whittaker ,48,2013,Crime , Drama , Mystery,,,,,,,,1
110,Girl Meets World,Michael Jacobs,April Kelly,,,,,,,,,,Rowan Blanchard,Sabrina Carpenter,Ben Savage ,23,2014,Comedy , Family,,,,,,,,,1
111,Two and a Half Men,Lee Aronsohn,Chuck Lorre,,,,,,,,,,Jon Cryer,Ashton Kutcher,Angus T. Jones ,22,2003,Comedy,,,,,,,,,,1
112,Rick and Morty,Dan Harmon,Justin Roiland,,,,,,,,,,Justin Roiland,Chris Parnell,Spencer Grammer ,22,2013,Animation , Adventure , Comedy , Sci-Fi,,,,,,,1
113,2 Broke Girls,Whitney Cummings,Michael Patrick King,,,,,,,,,,Kat Dennings,Beth Behrs,Garrett Morris ,22,2011,Comedy,,,,,,,,,,1
114,The Sopranos,David Chase,,,,,,,,,,,James Gandolfini,Lorraine Bracco,Edie Falco ,55,1999,Crime , Drama,,,,,,,,,1
115,Archer,Adam Reed,,,,,,,,,,,H. Jon Benjamin,Judy Greer,Amber Nash ,22,2009,Animation , Action , Comedy,,,,,,,,1
116,Blue Bloods,Mitchell Burgess,Robin Green,,,,,,,,,,Will Estes,Tom Selleck,Donnie Wahlberg ,43,2010,Crime , Drama,,,,,,,,,1
117,Heroes,Tim Kring,,,,,,,,,,,Hayden Panettiere,Jack Coleman,Milo Ventimiglia ,45,2006,Drama , Fantasy , Sci-Fi , Thriller,,,,,,,1
118,Glee,Ian Brennan,Brad Falchuk,Ryan Murphy,,,,,,,,,Lea Michele,Jane Lynch,Matthew Morrison ,44,2009,Comedy , Drama , Music , Musical,,,,,,,1
119,Black Sails,Robert Levine,Jonathan E. Steinberg,,,,,,,,,,Jessica Parker Kennedy,Toby Stephens,Hannah New ,56,2014,Adventure , Drama,,,,,,,,,1
120,Better Call Saul,Vince Gilligan,Peter Gould,,,,,,,,,,Bob Odenkirk,Jonathan Banks,Rhea Seehorn ,47,2015,Crime , Drama,,,,,,,,,1
121,The Simpsons,James L. Brooks,Sam Simon,Matt Groening,,,,,,,,,Dan Castellaneta,Nancy Cartwright,Julie Kavner ,22,1989,Animation , Comedy,,,,,,,,,1
122,True Blood,Alan Ball,,,,,,,,,,,Anna Paquin,Stephen Moyer,Sam Trammell ,55,2008,Drama , Fantasy , Mystery , Romance , Thriller,,,,,,1
123,The Bastard Executioner,Kurt Sutter,,,,,,,,,,,Lee Jones,Katey Sagal,Flora Spencer-Longhurst ,42,2015,Drama,,,,,,,,,,1
124,Minority Report,Max Borenstein,,,,,,,,,,,Meagan Good,Stark Sands,Nick Zano ,42,2015,Drama , Sci-Fi,,,,,,,,,1
125,Da Vinci's Demons,David S. Goyer,,,,,,,,,,,Tom Riley,Gregg Chillin,Eros Vlahos ,59,2013,Adventure , Drama , Fantasy , History , Mystery,,,,,,1
126,NCIS: Los Angeles,Shane Brennan,,,,,,,,,,,Chris O'Donnell,Daniela Ruah,Barrett Foa ,43,2009,Crime , Drama , Mystery , Thriller,,,,,,,1
127,Friday Night Lights,Peter Berg,,,,,,,,,,,Kyle Chandler,Connie Britton,Aimee Teegarden ,44,2006,Drama , Sport,,,,,,,,,1
128,Buffy the Vampire Slayer,Joss Whedon,,,,,,,,,,,Sarah Michelle Gellar,Nicholas Brendon,Alyson Hannigan ,44,1997,Action , Drama , Fantasy , Romance,,,,,,,1
129,Sleepy Hollow,Phillip Iscove,Alex Kurtzman,Roberto Orci,Len Wiseman,,,,,,,,Tom Mison,Nicole Beharie,Lyndie Greenwood ,45,2013,Adventure , Drama , Fantasy , Mystery , Thriller,,,,,,1
130,Madam Secretary,Barbara Hall,,,,,,,,,,,Tim Daly,Téa Leoni,Patina Miller ,45,2014,Drama,,,,,,,,,,1
131,White Collar,Jeff Eastin,,,,,,,,,,,Matt Bomer,Tim DeKay,Willie Garson ,40,2009,Comedy , Crime , Drama , Mystery,,,,,,,1
132,Star Wars Rebels,Simon Kinberg,Carrie Beck,Dave Filoni,,,,,,,,,Taylor Gray,Vanessa Marshall,Freddie Prinze Jr. ,30,2014,Animation , Action , Adventure , Fantasy , Sci-Fi,,,,,,1
133,Banshee,David Schickler,Jonathan Tropper,,,,,,,,,,Antony Starr,Ivana Milicevic,Ulrich Thomsen ,60,2013,Action , Crime , Drama , Mystery , Thriller,,,,,,1
134,American Crime Story,Scott Alexander,Larry Karaszewski,,,,,,,,,,Selma Blair,Connie Britton,Sterling K. Brown ,42,2016,Biography , Crime , Drama,,,,,,,,1
135,Penny Dreadful,John Logan,,,,,,,,,,,Josh Hartnett,Timothy Dalton,Eva Green ,60,2014,Drama , Fantasy , Horror,,,,,,,,1
136,Legends,Howard Gordon,,,,,,,,,,,Sean Bean,Morris Chestnut,Ali Larter ,60,2014,Action , Crime , Drama , Thriller,,,,,,,1
137,Seinfeld,Larry David,Jerry Seinfeld,,,,,,,,,,Jerry Seinfeld,Julia Louis-Dreyfus,Michael Richards ,22,1989,Comedy,,,,,,,,,,1
138,Sense8,J. Michael Straczynski,Andy Wachowski,Lana Wachowski,,,,,,,,,Aml Ameen,Doona Bae,Jamie Clayton ,60,2015,Drama , Mystery , Sci-Fi , Thriller,,,,,,,1
139,The League,Jackie Marcus Schaffer,Jeff Schaffer,,,,,,,,,,Mark Duplass,Jonathan Lajoie,Nick Kroll ,30,2009,Comedy , Sport,,,,,,,,,1
140,Smallville,Alfred Gough,Miles Millar,,,,,,,,,,Tom Welling,Michael Rosenbaum,Allison Mack ,60,2001,Adventure , Drama , Romance , Sci-Fi,,,,,,,1
141,Haven,Jim Dunn,Sam Ernst,,,,,,,,,,Emily Rose,Lucas Bryant,Eric Balfour ,60,2010,Crime , Drama , Fantasy , Horror , Mystery , Sci-Fi , Thriller,,,,1
142,Transparent,Jill Soloway,,,,,,,,,,,Jeffrey Tambor,Gaby Hoffmann,Amy Landecker ,30,2014,Comedy , Drama,,,,,,,,,1
143,CSI: Crime Scene Investigation,Anthony E. Zuiker,,,,,,,,,,,Laurence Fishburne,Marg Helgenberger,George Eads ,60,2000,Crime , Drama , Mystery , Thriller,,,,,,,1
144,The Red Road,Aaron Guzikowski,,,,,,,,,,,Martin Henderson,Jason Momoa,Julianne Nicholson ,60,2014,Drama,,,,,,,,,,1
145,Star Trek: The Next Generation,Gene Roddenberry,,,,,,,,,,,Patrick Stewart,Brent Spiner,Jonathan Frakes ,44,1987,Action , Adventure , Mystery , Sci-Fi,,,,,,,1
146,Blood & Oil,Rodes Fishburne,Josh Pate,,,,,,,,,,Don Johnson,Chace Crawford,Rebecca Rittenhouse ,42,2015,Crime , Drama,,,,,,,,,1
147,Ray Donovan,Ann Biderman,,,,,,,,,,,Liev Schreiber,Paula Malcomson,Eddie Marsan ,60,2013,Crime , Drama,,,,,,,,,1
148,Malcolm in the Middle,Linwood Boomer,,,,,,,,,,,Frankie Muniz,Jane Kaczmarek,Bryan Cranston ,30,2000,Comedy,,,,,,,,,,1
149,Dark Matter,Joseph Mallozzi,Paul Mullie,,,,,,,,,,Marc Bendavid,Melissa O'Neil,Anthony Lemke ,42,2015,Drama , Sci-Fi , Thriller,,,,,,,,1
150,"You, Me and the Apocalypse",Iain Hollands,,,,,,,,,,,Mathew Baynton,Jenna Fischer,Joel Fry ,30,2015,Comedy , Drama,,,,,,,,,1
151,The Goldbergs,Adam F. Goldberg,,,,,,,,,,,Wendi McLendon-Covey,Sean Giambrone,Troy Gentile ,22,2013,Comedy,,,,,,,,,,1
152,Community,Dan Harmon,,,,,,,,,,,Joel McHale,Danny Pudi,Donald Glover ,22,2009,Comedy,,,,,,,,,,1
153,Last Man Standing,Jack Burditt,,,,,,,,,,,Tim Allen,Nancy Travis,Molly Ephraim ,30,2011,Comedy,,,,,,,,,,1
154,Arrested Development,Mitchell Hurwitz,,,,,,,,,,,Jason Bateman,Michael Cera,Portia de Rossi ,22,2003,Comedy,,,,,,,,,,1
155,Marco Polo,John Fusco,,,,,,,,,,,Benedict Wong,Olivia Cheng,Joan Chen ,60,2014,Adventure , Drama , History,,,,,,,,1
156,Bob's Burgers,Loren Bouchard,Jim Dauterive,,,,,,,,,,H. Jon Benjamin,Dan Mintz,Eugene Mirman ,30,2011,Animation , Comedy,,,,,,,,,1
157,Girls,Lena Dunham,,,,,,,,,,,Lena Dunham,Allison Williams,Jemima Kirke ,30,2012,Comedy , Drama,,,,,,,,,1
158,The Fall,Allan Cubitt,,,,,,,,,,,Gillian Anderson,Jamie Dornan,John Lynch ,60,2013,Drama , Thriller,,,,,,,,,1
159,Californication,Tom Kapinos,,,,,,,,,,,David Duchovny,Natascha McElhone,Evan Handler ,28,2007,Comedy , Drama,,,,,,,,,1
160,Kingdom,Byron Balasco,,,,,,,,,,,Frank Grillo,Kiele Sanchez,Matt Lauria ,43,2014,Drama,,,,,,,,,,1
161,Longmire,Hunt Baldwin,John Coveny,,,,,,,,,,Robert Taylor,Katee Sackhoff,Lou Diamond Phillips ,60,2012,Action , Crime , Drama , Western,,,,,,,1
162,Shadowhunters,,,,,,,,,,,,Katherine McNamara,Dominic Sherwood,Alberto Rosende ,42,2016,Action , Drama , Fantasy,,,,,,,,1
163,The Mentalist,Bruno Heller,,,,,,,,,,,Simon Baker,Robin Tunney,Tim Kang ,43,2008,Crime , Drama , Mystery , Thriller,,,,,,,1
164,The Grinder,Andrew Mogel,Jarrad Paul,,,,,,,,,,Rob Lowe,Fred Savage,Mary Elizabeth Ellis ,21,2015,Comedy,,,,,,,,,,1
165,Scrubs,Bill Lawrence,,,,,,,,,,,Zach Braff,Donald Faison,Sarah Chalke ,22,2001,Comedy , Drama,,,,,,,,,1
166,Black Mirror,Charlie Brooker,,,,,,,,,,,Daniel Kaluuya,Toby Kebbell,Rory Kinnear ,60,2011,Drama , Sci-Fi , Thriller,,,,,,,,1
167,CSI: Cyber,Ann Donahue,Carol Mendelsohn,Anthony E. Zuiker,,,,,,,,,Patricia Arquette,James Van Der Beek,Shad Moss ,44,2015,Crime , Drama , Mystery , Thriller,,,,,,,1
168,Orphan Black,John Fawcett,Graeme Manson,Alex Levine,Kim Coghill,Andrew De Angelis,Jeff Detsky,Adam Higgs,Bob Mackowycz Jr.,Elize Morgan,Peter Rowley,Rebecca Sernasie,Tatiana Maslany,Dylan Bruce,Jordan Gavaris ,44,2013,Action , Drama , Sci-Fi,,,,,,,,1
169,The Middle,Eileen Heisler,DeAnn Heline,,,,,,,,,,Patricia Heaton,Neil Flynn,Charlie McDermott ,30,2009,Comedy,,,,,,,,,,1
170,Bates Motel,Anthony Cipriano,Carlton Cuse,Kerry Ehrin,,,,,,,,,Vera Farmiga,Freddie Highmore,Max Thieriot ,45,2013,Drama , Mystery , Thriller,,,,,,,,1
171,The X-Files,Chris Carter,,,,,,,,,,,David Duchovny,Gillian Anderson,Mitch Pileggi ,42,2016,Drama , Mystery , Sci-Fi , Thriller,,,,,,,1
172,Lucifer,,,,,,,,,,,,Tom Ellis,Lauren German,Lesley-Ann Brandt ,42,2015,Fantasy,,,,,,,,,,1
173,Rosewood,Todd Harthan,,,,,,,,,,,Morris Chestnut,Jaina Lee Ortiz,Gabrielle Dennis ,42,2015,Crime , Drama , Mystery,,,,,,,,1
174,Fresh Off the Boat,,,,,,,,,,,,Randall Park,Constance Wu,Hudson Yang ,22,2015,Comedy,,,,,,,,,,1
175,Unforgettable,John Bellucci,Ed Redlich,,,,,,,,,,Poppy Montgomery,Dylan Walsh,James Hiroyuki Liao ,60,2011,Crime , Drama,,,,,,,,,1
176,The Strain,Guillermo del Toro,Chuck Hogan,,,,,,,,,,Corey Stoll,David Bradley,Kevin Durand ,43,2014,Drama , Horror , Thriller,,,,,,,,1
177,Hemlock Grove,Brian McGreevy,Lee Shipman,,,,,,,,,,Famke Janssen,Bill Skarsgård,Landon Liboiron ,46,2013,Horror , Mystery , Thriller,,,,,,,,1
178,Charmed,Constance M. Burge,,,,,,,,,,,Holly Marie Combs,Alyssa Milano,Brian Krause ,42,1998,Drama , Fantasy , Mystery,,,,,,,,1
179,Revenge,Mike Kelley,,,,,,,,,,,Madeleine Stowe,Emily VanCamp,Gabriel Mann ,44,2011,Drama , Mystery , Thriller,,,,,,,,1
180,You're the Worst,Stephen Falk,,,,,,,,,,,Chris Geere,Aya Cash,Desmin Borges ,30,2014,Comedy , Romance,,,,,,,,,1
181,The Tudors,Michael Hirst,,,,,,,,,,,Jonathan Rhys Meyers,Henry Cavill,Anthony Brophy ,60,2007,Drama , History , Romance , War,,,,,,,1
182,South of Hell,Matt Lambert,,,,,,,,,,,Mena Suvari,Zachary Booth,Lamman Rucker ,60,2015,Drama , Fantasy , Horror , Thriller,,,,,,,1
183,Boardwalk Empire,Terence Winter,,,,,,,,,,,Steve Buscemi,Stephen Graham,Vincent Piazza ,55,2010,Crime , Drama , History,,,,,,,,1
184,Bloodline,Glenn Kessler,Todd A. Kessler,Daniel Zelman,,,,,,,,,Kyle Chandler,Ben Mendelsohn,Linda Cardellini ,60,2015,Drama , Thriller,,,,,,,,,1
185,Chuck,Chris Fedak,Josh Schwartz,,,,,,,,,,Zachary Levi,Yvonne Strahovski,Joshua Gomez ,43,2007,Action , Comedy , Drama,,,,,,,,1
186,The Player,John Fox,John Rogers,,,,,,,,,,Philip Winchester,Damon Gupton,Wesley Snipes ,60,2015,Action , Drama , Thriller,,,,,,,,1
187,Freaks and Geeks,Paul Feig,,,,,,,,,,,Linda Cardellini,John Francis Daley,James Franco ,44,1999,Comedy , Drama,,,,,,,,,1
188,Psych,Steve Franks,,,,,,,,,,,James Roday,Dulé Hill,Timothy Omundson ,44,2006,Comedy , Crime , Mystery,,,,,,,,1
189,The Americans,Joseph Weisberg,,,,,,,,,,,Keri Russell,Matthew Rhys,Holly Taylor ,44,2013,Crime , Drama , Mystery , Thriller,,,,,,,1
190,Skins,Jamie Brittain,Bryan Elsley,,,,,,,,,,Kaya Scodelario,Nicholas Hoult,Joe Dempsie ,46,2007,Drama,,,,,,,,,,1
191,Crossing Lines,Edward Allen Bernero,,,,,,,,,,,Tom Wlaschiha,Lara Rossi,Donald Sutherland ,43,2013,Action , Crime , Drama,,,,,,,,1
192,Justified,Graham Yost,,,,,,,,,,,Timothy Olyphant,Nick Searcy,Joelle Carter ,44,2010,Action , Crime , Drama , Thriller,,,,,,,1
193,90210,Darren Star,Jeff Judah,Gabe Sachs,Rob Thomas,,,,,,,,Shenae Grimes-Beech,Tristan Wilds,AnnaLynne McCord ,60,2008,Comedy , Drama , Romance,,,,,,,,1
194,Under the Dome,Brian K. Vaughan,,,,,,,,,,,Mike Vogel,Rachelle Lefevre,Alexander Koch ,43,2013,Drama , Mystery , Sci-Fi , Thriller,,,,,,,1
195,American Dad!,Mike Barker,Seth MacFarlane,Matt Weitzman,,,,,,,,,Seth MacFarlane,Wendy Schaal,Dee Bradley Baker ,22,2005,Animation , Comedy,,,,,,,,,1
196,Full House,Jeff Franklin,,,,,,,,,,,Bob Saget,John Stamos,Dave Coulier ,30,1987,Comedy , Drama , Family,,,,,,,,1
197,The West Wing,Aaron Sorkin,,,,,,,,,,,Martin Sheen,Rob Lowe,Allison Janney ,44,1999,Drama,,,,,,,,,,1
198,24,Robert Cochran,Joel Surnow,,,,,,,,,,Kiefer Sutherland,Mary Lynn Rajskub,Carlos Bernard ,44,2001,Action , Drama , Mystery , Thriller,,,,,,,1
199,Grandfathered,Daniel Chun,,,,,,,,,,,Paget Brewster,John Stamos,Josh Peck ,22,2015,Comedy,,,,,,,,,,1
200,Star Wars: The Clone Wars,George Lucas,,,,,,,,,,,Tom Kane,Dee Bradley Baker,Matt Lanter ,22,2008,Animation , Action , Adventure , Drama , Fantasy , Sci-Fi,,,,,1
201,Midsomer Murders,Caroline Graham,,,,,,,,,,,John Nettles,Jane Wymark,Barry Jackson ,100,1997,Crime , Drama , Mystery,,,,,,,,1
202,Parenthood,Jason Katims,,,,,,,,,,,Peter Krause,Lauren Graham,Dax Shepard ,60,2010,Comedy , Drama,,,,,,,,,1
203,The Killing,Veena Sud,,,,,,,,,,,Mireille Enos,Joel Kinnaman,Billy Campbell ,45,2011,Crime , Drama , Mystery , Thriller,,,,,,,1
204,Firefly,Joss Whedon,,,,,,,,,,,Nathan Fillion,Gina Torres,Alan Tudyk ,44,2002,Adventure , Drama , Sci-Fi,,,,,,,,1
205,Young & Hungry,David Holden,,,,,,,,,,,Emily Osment,Jonathan Sadowski,Aimee Carrero ,22,2014,Comedy,,,,,,,,,,1
206,The Mindy Project,Mindy Kaling,,,,,,,,,,,Mindy Kaling,Chris Messina,Ike Barinholtz ,30,2012,Comedy,,,,,,,,,,1
207,Law & Order,Dick Wolf,,,,,,,,,,,Jerry Orbach,Jesse L. Martin,Dennis Farina ,45,1990,Crime , Drama , Mystery , Thriller,,,,,,,1
208,NCIS: New Orleans,Gary Glasberg,,,,,,,,,,,Scott Bakula,Lucas Black,Zoe McLellan ,42,2014,Crime , Drama,,,,,,,,,1
209,Zoo,Josh Appelbaum,André Nemec,Jeff Pinkner,Scott Rosenberg,,,,,,,,James Wolk,Kristen Connolly,Nonso Anozie ,42,2015,Drama , Sci-Fi , Thriller,,,,,,,,1
210,Fringe,J.J. Abrams,Alex Kurtzman,Roberto Orci,,,,,,,,,Anna Torv,Joshua Jackson,Jasika Nicole ,46,2008,Drama , Mystery , Sci-Fi , Thriller,,,,,,,1
211,Masters of Sex,Michelle Ashford,,,,,,,,,,,Michael Sheen,Lizzy Caplan,Caitlin FitzGerald ,60,2013,Drama,,,,,,,,,,1
212,The Frankenstein Chronicles,Benjamin Ross,,,,,,,,,,,Sean Bean,Lucy Cray-Miller,Bobby Marno ,60,2015,Crime , Drama,,,,,,,,,1
213,Sex and the City,Darren Star,,,,,,,,,,,Sarah Jessica Parker,Kim Cattrall,Kristin Davis ,30,1998,Comedy , Romance,,,,,,,,,1
214,Entourage,Doug Ellin,,,,,,,,,,,Kevin Connolly,Adrian Grenier,Kevin Dillon ,28,2004,Comedy , Drama,,,,,,,,,1
215,Salem,Brannon Braga,Adam Simon,,,,,,,,,,Janet Montgomery,Shane West,Seth Gabel ,60,2014,Drama , Fantasy , Thriller,,,,,,,,1
216,"Beverly Hills, 90210",Darren Star,,,,,,,,,,,Jason Priestley,Shannen Doherty,Luke Perry ,44,1990,Drama , Romance,,,,,,,,,1
217,Continuum,Simon Barry,,,,,,,,,,,Rachel Nichols,Stephen Lobo,Victor Webster ,45,2012,Action , Sci-Fi , Thriller,,,,,,,,1
218,Gravity Falls,Alex Hirsch,,,,,,,,,,,Jason Ritter,Alex Hirsch,Kristen Schaal ,23,2012,Animation , Adventure , Comedy , Family , Mystery,,,,,,1
219,Weeds,Jenji Kohan,,,,,,,,,,,Mary-Louise Parker,Hunter Parrish,Alexander Gould ,30,2005,Comedy , Crime , Drama,,,,,,,,1
220,The O.C.,Josh Schwartz,,,,,,,,,,,Mischa Barton,Adam Brody,Peter Gallagher ,44,2003,Comedy , Drama , Romance,,,,,,,,1
221,Undateable,Adam Sztykiel,,,,,,,,,,,Chris D'Elia,Brent Morin,Bianca Kajlich ,22,2014,Comedy,,,,,,,,,,1
222,Power,Courtney Kemp Agboh,,,,,,,,,,,Omari Hardwick,Lela Loren,Naturi Naughton ,50,2014,Crime , Drama,,,,,,,,,1
223,Casual,Zander Lehmann,,,,,,,,,,,Michaela Watkins,Tommy Dewey,Tara Lynne Barr ,25,2015,Comedy,,,,,,,,,,1
224,Strike Back,,,,,,,,,,,,Sullivan Stapleton,Philip Winchester,Michelle Lukes ,45,2010,Action , Drama , Thriller,,,,,,,,1
225,Twin Peaks,Mark Frost,David Lynch,,,,,,,,,,Kyle MacLachlan,Michael Ontkean,Mädchen Amick ,47,1990,Drama , Mystery , Thriller,,,,,,,,1
226,Hell on Wheels,Joe Gayton,Tony Gayton,,,,,,,,,,Anson Mount,Colm Meaney,Robin McLeavy ,42,2011,Drama , Western,,,,,,,,,1
227,Silicon Valley,John Altschuler,Mike Judge,Dave Krinsky,,,,,,,,,Thomas Middleditch,T.J. Miller,Josh Brener ,30,2014,Comedy,,,,,,,,,,1
228,Black-ish,Kenya Barris,,,,,,,,,,,Anthony Anderson,Tracee Ellis Ross,Marcus Scribner ,22,2014,Comedy,,,,,,,,,,1
229,The Fosters,Brad Bredeweg,Peter Paige,,,,,,,,,,Sherri Saum,Maia Mitchell,Teri Polo ,60,2013,Drama,,,,,,,,,,1
230,Crazy Ex-Girlfriend,,,,,,,,,,,,Rachel Bloom,Vincent Rodriguez III,Santino Fontana ,42,2015,Comedy , Musical,,,,,,,,,1
231,Married with Children,Ron Leavitt,Michael G. Moye,,,,,,,,,,Ed O'Neill,Christina Applegate,Katey Sagal ,22,1987,Comedy,,,,,,,,,,1
232,ER,Michael Crichton,,,,,,,,,,,Anthony Edwards,George Clooney,Julianna Margulies ,44,1994,Drama,,,,,,,,,,1
233,The Last Ship,Steven Kane,Hank Steinberg,,,,,,,,,,Eric Dane,Rhona Mitra,Adam Baldwin ,60,2014,Action , Drama , Sci-Fi , Thriller , War,,,,,,1
234,The Man from U.N.C.L.E.,Sam Rolfe,,,,,,,,,,,Robert Vaughn,David McCallum,Leo G. Carroll ,50,1964,Action , Adventure , Crime,,,,,,,,1
235,Good Luck Charlie,Phil Baker,Drew Vaupen,,,,,,,,,,Bridgit Mendler,Leigh-Allyn Baker,Bradley Steven Perry ,22,2010,Comedy , Drama , Family,,,,,,,,1
236,Hart of Dixie,Leila Gerstein,,,,,,,,,,,Rachel Bilson,Jaime King,Cress Williams ,60,2011,Comedy , Drama , Romance,,,,,,,,1
237,Star Trek,Gene Roddenberry,,,,,,,,,,,William Shatner,Leonard Nimoy,DeForest Kelley ,50,1966,Action , Adventure , Mystery , Sci-Fi,,,,,,,1
238,Liv and Maddie,John D. Beck,Ron Hart,,,,,,,,,,Dove Cameron,Joey Bragg,Tenzing Norgay Trainor ,22,2013,Comedy , Drama , Family,,,,,,,,1
239,Major Crimes,James Duff,,,,,,,,,,,Mary McDonnell,G.W. Bailey,Tony Denison ,60,2012,Crime , Drama , Mystery,,,,,,,,1
240,30 Rock,Tina Fey,,,,,,,,,,,Tina Fey,Alec Baldwin,Tracy Morgan ,22,2006,Comedy,,,,,,,,,,1
241,Falling Skies,Robert Rodat,,,,,,,,,,,Noah Wyle,Drew Roy,Maxim Knight ,42,2011,Action , Sci-Fi , Thriller,,,,,,,,1
242,Fuller House,,,,,,,,,,,,Candace Cameron Bure,Jodie Sweetin,Andrea Barber ,30,2016,Comedy , Family,,,,,,,,,1
243,Wicked City,Steven Baigelman,,,,,,,,,,,Jeremy Sisto,Taissa Farmiga,Gabriel Luna ,42,2015,Crime , Drama,,,,,,,,,1
244,Samurai Jack,Genndy Tartakovsky,,,,,,,,,,,Phil LaMarr,Mako,Kevin Michael Richardson ,25,2001,Animation , Action , Adventure , Fantasy , Sci-Fi , Thriller,,,,,1
245,Saturday Night Live,Lorne Michaels,,,,,,,,,,,Don Pardo,Lenny Pickett,Darrell Hammond ,90,1975,Comedy , Music,,,,,,,,,1
246,Versailles,Simon Mirren,David Wolstencroft,,,,,,,,,,George Blagden,Tygh Runyan,Stuart Bowman ,52,2015,Biography , Drama , History,,,,,,,,1
247,Mom,Gemma Baker,Chuck Lorre,Eddie Gorodetsky,,,,,,,,,Allison Janney,Anna Faris,Blake Garrett Rosenthal ,30,2013,Comedy , Romance,,,,,,,,,1
248,Desperate Housewives,Marc Cherry,,,,,,,,,,,Teri Hatcher,Felicity Huffman,Marcia Cross ,45,2004,Comedy , Drama , Mystery , Romance,,,,,,,1
249,Awkward.,Lauren Iungerich,,,,,,,,,,,Ashley Rickards,Beau Mirchoff,Jillian Rose Reed ,21,2011,Comedy , Drama , Romance,,,,,,,,1
250,Catastrophe,,,,,,,,,,,,Sharon Horgan,Rob Delaney,Mark Bonnar ,30,2015,Comedy,,,,,,,,,,1
251,Frasier,David Angell,Peter Casey,David Lee,,,,,,,,,Kelsey Grammer,Jane Leeves,David Hyde Pierce ,30,1993,Comedy,,,,,,,,,,1
252,The Newsroom,Aaron Sorkin,,,,,,,,,,,Jeff Daniels,Emily Mortimer,John Gallagher Jr. ,55,2012,Drama,,,,,,,,,,1
253,M*A*S*H,Larry Gelbart,,,,,,,,,,,Alan Alda,Wayne Rogers,Loretta Swit ,25,1972,Comedy , Drama , War,,,,,,,,1
254,Unbreakable Kimmy Schmidt,Robert Carlock,Tina Fey,,,,,,,,,,Ellie Kemper,Jane Krakowski,Tituss Burgess ,30,2015,Comedy,,,,,,,,,,1
255,Blue Mountain State,Eric Falconer,Chris Romano,,,,,,,,,,Darin Brooks,Alan Ritchson,Chris Romano ,22,2010,Comedy , Sport,,,,,,,,,1
256,Jessie,Pamela Eells,,,,,,,,,,,Debby Ryan,Peyton List,Cameron Boyce ,30,2011,Comedy , Family,,,,,,,,,1
257,Peep Show,Jesse Armstrong,Sam Bain,Andrew O'Connor,,,,,,,,,David Mitchell,Robert Webb,Matt King ,25,2003,Comedy,,,,,,,,,,1
258,Jekyll & Hyde,,,,,,,,,,,,Tom Rhys Harries,Stephanie Hyam,Oliver Gilbert ,60,2015,Action , Adventure , Drama,,,,,,,,1
259,Days of Our Lives,Allan Chase,Ted Corday,Irna Phillips,,,,,,,,,Josh Taylor,Bryan Dattilo,Deidre Hall ,60,1965,Drama,,,,,,,,,,1
260,Stargate SG-1,Jonathan Glassner,Brad Wright,,,,,,,,,,Richard Dean Anderson,Michael Shanks,Amanda Tapping ,44,1997,Action , Adventure , Drama , Sci-Fi,,,,,,,1
261,Keeping Up with the Kardashians,Ryan Seacrest,Eliot Goldberg,,,,,,,,,,Khloé Kardashian,Kourtney Kardashian,Kim Kardashian West ,44,2007,Drama , Reality-TV,,,,,,,,,1
262,Switched at Birth,Lizzy Weiss,,,,,,,,,,,Sean Berdy,Lucas Grabeel,Vanessa Marano ,60,2011,Drama , Family,,,,,,,,,1
263,Boy Meets World,Michael Jacobs,April Kelly,,,,,,,,,,Ben Savage,Rider Strong,William Daniels ,30,1993,Comedy , Drama , Family,,,,,,,,1
264,The Following,Kevin Williamson,,,,,,,,,,,Kevin Bacon,James Purefoy,Shawn Ashmore ,43,2013,Crime , Drama , Mystery , Thriller,,,,,,,1
265,Manhattan,Sam Shaw,,,,,,,,,,,Rachel Brosnahan,Michael Chernus,Christopher Denham ,55,2014,Drama,,,,,,,,,,1
266,Rome,William J. MacDonald,John Milius,,,,,,,,,,Kevin McKidd,Ray Stevenson,Polly Walker ,90,2005,Action , Drama , History , Romance , War,,,,,,1
267,Don't Trust the B---- in Apartment 23,Nahnatchka Khan,,,,,,,,,,,Krysten Ritter,Dreama Walker,Michael Blaiklock ,22,2012,Comedy,,,,,,,,,,1
268,Deadwood,David Milch,,,,,,,,,,,Timothy Olyphant,Ian McShane,Molly Parker ,55,2004,Crime , Drama , History , Western,,,,,,,1
269,The Shannara Chronicles,,,,,,,,,,,,Poppy Drayton,Austin Butler,Ivana Baquero ,42,2016,Adventure , Fantasy , Sci-Fi,,,,,,,,1
270,Baywatch,Michael Berk,Gregory J. Bonann,Douglas Schwartz,,,,,,,,,David Hasselhoff,Pamela Anderson,Yasmine Bleeth ,60,1989,Action , Drama,,,,,,,,,1
271,Rizzoli & Isles,Janet Tamaro,,,,,,,,,,,Angie Harmon,Sasha Alexander,Jordan Bridges ,60,2010,Crime , Drama , Mystery,,,,,,,,1
272,Dawson's Creek,Kevin Williamson,,,,,,,,,,,James Van Der Beek,Katie Holmes,Michelle Williams ,60,1998,Drama,,,,,,,,,,1
273,Ballers,Stephen Levinson,,,,,,,,,,,Dwayne Johnson,John David Washington,Omar Benson Miller ,30,2015,Comedy , Drama , Sport,,,,,,,,1
274,Constantine,Daniel Cerone,David S. Goyer,,,,,,,,,,Matt Ryan,Harold Perrineau,Charles Halford ,43,2014,Drama , Fantasy , Horror , Thriller,,,,,,,1
275,The Flash,Danny Bilson,Paul De Meo,,,,,,,,,,John Wesley Shipp,Amanda Pays,Alex Désert ,60,1990,Action , Crime , Fantasy , Sci-Fi,,,,,,,1
276,Battlestar Galactica,Glen A. Larson,Ronald D. Moore,,,,,,,,,,Edward James Olmos,Mary McDonnell,Jamie Bamber ,44,2004,Action , Adventure , Drama , Sci-Fi,,,,,,,1
277,Wayward Pines,Chad Hodge,,,,,,,,,,,Matt Dillon,Carla Gugino,Shannyn Sossamon ,60,2015,Drama , Mystery , Sci-Fi , Thriller,,,,,,,1
278,The Secret Life of the American Teenager,Brenda Hampton,,,,,,,,,,,Shailene Woodley,Molly Ringwald,India Eisley ,43,2008,Comedy , Drama , Family , Romance,,,,,,,1
279,Lost Girl,Michelle Lovretta,,,,,,,,,,,Anna Silk,Kris Holden-Ried,Zoie Palmer ,44,2010,Drama , Fantasy,,,,,,,,,1
280,Agatha Christie's Poirot,,,,,,,,,,,,David Suchet,Hugh Fraser,Philip Jackson ,100,1989,Drama , Mystery , Crime , Thriller,,,,,,,1
281,One-Punch Man,,,,,,,,,,,,Makoto Furukawa,Kaito Ishikawa,Shôta Yamamoto ,22,2015,Animation , Action , Comedy , Sci-Fi,,,,,,,1
282,Beauty and the Beast,Sherri Cooper-Landsman,Ron Koslow,Jennifer Levin,,,,,,,,,Kristin Kreuk,Jay Ryan,Nina Lisandrello ,60,2012,Drama , Horror , Romance , Sci-Fi , Thriller,,,,,,1
283,Murdoch Mysteries,Cal Coons,Alexandra Zarowny,Maureen Jennings,R.B. Carney,,,,,,,,Yannick Bisson,Thomas Craig,Helene Joy ,48,2008,Crime , Drama , Mystery,,,,,,,,1
284,Adventure Time,Pendleton Ward,,,,,,,,,,,Jeremy Shada,John DiMaggio,Hynden Walch ,11,2010,Animation , Adventure , Comedy , Fantasy,,,,,,,1
285,Cheers,James Burrows,Glen Charles,Les Charles,,,,,,,,,Ted Danson,Rhea Perlman,John Ratzenberger ,22,1982,Comedy , Drama,,,,,,,,,1
286,The Returned,Fabrice Gobert,,,,,,,,,,,Anne Consigny,Clotilde Hesme,Frédéric Pierrot ,52,2012,Drama , Fantasy , Horror,,,,,,,,1
287,Humans,,,,,,,,,,,,Gemma Chan,Katherine Parkinson,Lucy Carless ,42,2015,Drama , Sci-Fi,,,,,,,,,1
288,Private Practice,Shonda Rhimes,,,,,,,,,,,Kate Walsh,Paul Adelstein,KaDee Strickland ,60,2007,Comedy , Drama , Romance,,,,,,,,1
289,Melissa & Joey,David Kendall,Bob Young,,,,,,,,,,Melissa Joan Hart,Joey Lawrence,Taylor Spreitler ,30,2010,Comedy,,,,,,,,,,1
290,The Fresh Prince of Bel-Air,Andy Borowitz,Susan Borowitz,,,,,,,,,,Will Smith,James Avery,Alfonso Ribeiro ,22,1990,Comedy,,,,,,,,,,1
291,Star Trek: Deep Space Nine,Rick Berman,Michael Piller,,,,,,,,,,Avery Brooks,Rene Auberjonois,Cirroc Lofton ,45,1993,Action , Adventure , Drama , Sci-Fi,,,,,,,1
292,7th Heaven,Brenda Hampton,,,,,,,,,,,Stephen Collins,Catherine Hicks,Jessica Biel ,60,1996,Drama , Family,,,,,,,,,1
293,The Muppets,Bob Kushell,Bill Prady,,,,,,,,,,Eric Jacobson,Dave Goelz,Bill Barretta ,21,2015,Comedy,,,,,,,,,,1
294,Finding Carter,Terri Minsky,Emily Silver,,,,,,,,,,Kathryn Prescott,Cynthia Watros,Anna Jacoby-Heron ,42,2014,Drama,,,,,,,,,,1
295,Workaholics,Blake Anderson,Adam DeVine,Anders Holm,Kyle Newacheck,Connor Pritchard,Dominic Russo,,,,,,Blake Anderson,Adam DeVine,Anders Holm ,30,2011,Comedy,,,,,,,,,,1
296,Doc Martin,Dominic Minghella,Mark Crowdy,Craig Ferguson,,,,,,,,,Martin Clunes,Caroline Catz,Ian McNeice ,50,2004,Comedy , Drama,,,,,,,,,1
297,Scream: The TV Series,Jay Beattie,Jill E. Blotevogel,Dan Dworkin,,,,,,,,,Willa Fitzgerald,Bex Taylor-Klaus,John Karna ,45,2015,Crime , Horror , Mystery,,,,,,,,1
298,The Young and the Restless,William J. Bell,Lee Phillip Bell,,,,,,,,,,Doug Davidson,Eric Braeden,Joshua Morrow ,60,1973,Drama,,,,,,,,,,1
299,Mr Selfridge,Andrew Davies,,,,,,,,,,,Ron Cook,Amy Beth Hayes,Tom Goodman-Hill ,45,2013,Drama,,,,,,,,,,1
300,The Wonder Years,Carol Black,Neal Marlens,,,,,,,,,,Fred Savage,Dan Lauria,Daniel Stern ,30,1988,Comedy , Drama , Romance,,,,,,,,1
301,Futurama,David X. Cohen,Matt Groening,,,,,,,,,,Billy West,John DiMaggio,Katey Sagal ,22,1999,Animation , Comedy , Sci-Fi,,,,,,,,1
302,Merlin,Johnny Capps,Julian Jones,Jake Michie,Julian Murphy,,,,,,,,John Hurt,Bradley James,Colin Morgan ,45,2008,Adventure , Drama , Fantasy,,,,,,,,1
303,Saving Hope,Malcolm MacRury,Morwyn Brebner,,,,,,,,,,Erica Durance,Julia Taylor Ross,Michael Shanks ,43,2012,Drama , Fantasy,,,,,,,,,1
304,12 Monkeys,Travis Fickett,Terry Matalas,,,,,,,,,,Aaron Stanford,Amanda Schull,Noah Bean ,42,2015,Adventure , Drama , Mystery , Sci-Fi , Thriller,,,,,,1
305,Six Feet Under,Alan Ball,,,,,,,,,,,Peter Krause,Michael C. Hall,Frances Conroy ,55,2001,Drama,,,,,,,,,,1
306,Everybody Loves Raymond,Philip Rosenthal,,,,,,,,,,,Ray Romano,Patricia Heaton,Brad Garrett ,22,1996,Comedy,,,,,,,,,,1
307,Lie to Me,Samuel Baum,,,,,,,,,,,Tim Roth,Kelli Williams,Brendan Hines ,43,2009,Crime , Drama , Mystery , Thriller,,,,,,,1
308,The Last Panthers,Jack Thorne,,,,,,,,,,,Samantha Morton,Tahar Rahim,John Hurt ,48,2015,Action , Drama,,,,,,,,,1
309,3rd Rock from the Sun,Bonnie Turner,Terry Turner,,,,,,,,,,John Lithgow,Jane Curtin,Kristen Johnston ,60,1996,Comedy , Sci-Fi,,,,,,,,,1
310,Home Improvement,Carmen Finestra,David McFadzean,Matt Williams,,,,,,,,,Tim Allen,Patricia Richardson,Earl Hindman ,30,1991,Comedy , Family,,,,,,,,,1
311,Defiance,Kevin Murphy,Rockne S. O'Bannon,Michael Taylor,,,,,,,,,Grant Bowler,Stephanie Leonidas,Julie Benz ,43,2013,Action , Drama , Sci-Fi,,,,,,,,1
312,A to Z,Ben Queen,,,,,,,,,,,Ben Feldman,Cristin Milioti,Henry Zebrowski ,24,2014,Comedy , Romance,,,,,,,,,1
313,Tyrant,,,,,,,,,,,,Adam Rayner,Jennifer Finnigan,Ashraf Barhom ,60,2014,Action , Drama , Thriller,,,,,,,,1
314,BoJack Horseman,Raphael Bob-Waksberg,,,,,,,,,,,Will Arnett,Amy Sedaris,Alison Brie ,25,2014,Animation , Comedy , Drama,,,,,,,,1
315,Star Trek: Voyager,Rick Berman,Michael Piller,Jeri Taylor,,,,,,,,,Kate Mulgrew,Robert Beltran,Roxann Dawson ,45,1995,Action , Adventure , Sci-Fi,,,,,,,,1
316,Trailer Park Boys,Mike Clattenburg,,,,,,,,,,,John Paul Tremblay,Robb Wells,Mike Smith ,30,2001,Comedy , Crime , Drama,,,,,,,,1
317,Columbo,,,,,,,,,,,,Peter Falk,Mike Lally,John Finnegan ,100,1971,Crime , Drama , Mystery , Thriller,,,,,,,1
318,Life in Pieces,Justin Adler,,,,,,,,,,,Colin Hanks,Betsy Brandt,Thomas Sadoski ,22,2015,Comedy,,,,,,,,,,1
319,From Dusk Till Dawn: The Series,Robert Rodriguez,,,,,,,,,,,D.J. Cotrona,Zane Holtz,Jesse Garcia ,45,2014,Action , Crime , Horror,,,,,,,,1
320,Roseanne,Matt Williams,,,,,,,,,,,Roseanne Barr,John Goodman,Laurie Metcalf ,22,1988,Comedy , Drama,,,,,,,,,1
321,Best Friends Whenever,Jed Elinoff,Scott Thomas,,,,,,,,,,Landry Bender,Lauren Taylor,Gus Kamp ,21,2015,Comedy , Family , Sci-Fi,,,,,,,,1
322,Attack on Titan,,,,,,,,,,,,Marina Inoue,Yuki Kaji,Josh Grelle ,24,2013,Animation , Action , Adventure , Drama , Fantasy , Horror,,,,,1
323,Angel,David Greenwalt,Joss Whedon,,,,,,,,,,David Boreanaz,Charisma Carpenter,Alexis Denisof ,44,1999,Action , Drama , Fantasy , Thriller,,,,,,,1
324,CSI: Miami,Ann Donahue,Carol Mendelsohn,Anthony E. Zuiker,,,,,,,,,David Caruso,Emily Procter,Adam Rodriguez ,43,2002,Action , Crime , Drama , Mystery , Thriller,,,,,,1
325,Burn Notice,Matt Nix,,,,,,,,,,,Jeffrey Donovan,Gabrielle Anwar,Bruce Campbell ,44,2007,Action , Crime , Drama , Mystery , Thriller,,,,,,1
326,Bitten,,,,,,,,,,,,Laura Vandervoort,Greg Bryk,Steve Lund ,44,2014,Drama , Fantasy , Horror , Mystery,,,,,,,1
327,Graceland,Jeff Eastin,,,,,,,,,,,Daniel Sunjata,Aaron Tveit,Vanessa Ferlito ,42,2013,Action , Crime , Drama,,,,,,,,1
328,Growing Pains,Neal Marlens,,,,,,,,,,,Alan Thicke,Joanna Kerns,Kirk Cameron ,30,1985,Comedy , Family,,,,,,,,,1
329,The Facts of Life,Dick Clair,Howard Leeds,Jerry Mayer,Jenna McMahon,Ben Starr,,,,,,,Lisa Whelchel,Kim Fields,Mindy Cohn ,30,1979,Comedy,,,,,,,,,,1
330,Mission: Impossible,Bruce Geller,,,,,,,,,,,Peter Graves,Barbara Bain,Greg Morris ,50,1966,Action , Adventure , Crime , Drama , Thriller,,,,,,1
331,Oz,Tom Fontana,,,,,,,,,,,Ernie Hudson,J.K. Simmons,Lee Tergesen ,55,1997,Crime , Drama , Thriller,,,,,,,,1
332,Little House on the Prairie,Blanche Hanalis,,,,,,,,,,,Melissa Gilbert,Michael Landon,Lindsay Greenbush ,60,1974,Drama , Family , Romance , Western,,,,,,,1
333,Shades of Blue,Adi Hasak,,,,,,,,,,,Jennifer Lopez,Warren Kole,Dayo Okeniyi ,60,2016,Crime , Drama,,,,,,,,,1
334,Happy Days,Garry Marshall,,,,,,,,,,,Ron Howard,Henry Winkler,Marion Ross ,30,1974,Comedy , Family , Music,,,,,,,,1
335,Avatar: The Last Airbender,Michael Dante DiMartino,Bryan Konietzko,,,,,,,,,,Zach Tyler,Mae Whitman,Jack De Sena ,23,2005,Animation , Action , Adventure , Family , Fantasy , Mystery,,,,,1
336,Doctor Who,Sydney Newman,,,,,,,,,,,William Hartnell,Patrick Troughton,Jon Pertwee ,45,1963,Adventure , Drama , Family , Sci-Fi,,,,,,,1
337,Degrassi: The Next Generation,Kit Hood,Yan Moore,Linda Schuyler,,,,,,,,,Stefan Brogren,Aislinn Paul,Melinda Shankar ,30,2001,Drama,,,,,,,,,,1
338,Saved by the Bell,Sam Bobrick,,,,,,,,,,,Mark-Paul Gosselaar,Mario Lopez,Dustin Diamond ,30,1989,Comedy,,,,,,,,,,1
339,Satisfaction,Sean Jablonski,,,,,,,,,,,Matt Passmore,Stephanie Szostak,Blair Redford ,44,2014,Drama,,,,,,,,,,1
340,iCarly,Dan Schneider,,,,,,,,,,,Miranda Cosgrove,Jennette McCurdy,Nathan Kress ,30,2007,Comedy , Family,,,,,,,,,1
341,Anger Management,Bruce Helford,,,,,,,,,,,Shawnee Smith,Charlie Sheen,Noureen DeWulf ,21,2012,Comedy,,,,,,,,,,1
342,Heartland,,,,,,,,,,,,Amber Marshall,Michelle Morgan,Graham Wardle ,60,2007,Drama , Family,,,,,,,,,1
343,Death in Paradise,Robert Thorogood,,,,,,,,,,,Danny John-Jules,Sara Martins,Élizabeth Bourgine ,60,2011,Crime , Drama , Mystery , Thriller,,,,,,,1
344,Younger,Darren Star,,,,,,,,,,,Sutton Foster,Debi Mazar,Miriam Shor ,22,2015,Comedy,,,,,,,,,,1
345,Misfits,Howard Overman,,,,,,,,,,,Nathan Stewart-Jarrett,Joseph Gilgun,Iwan Rheon ,60,2009,Comedy , Drama , Fantasy , Sci-Fi,,,,,,,1
346,SpongeBob SquarePants,Stephen Hillenburg,Derek Drymon,Nick Jennings,Tim Hill,,,,,,,,Tom Kenny,Rodger Bumpass,Bill Fagerbakke ,23,1999,Animation , Comedy , Family , Fantasy,,,,,,,1
347,The IT Crowd,,,,,,,,,,,,Chris O'Dowd,Richard Ayoade,Katherine Parkinson ,25,2006,Comedy,,,,,,,,,,1
348,General Hospital,Doris Hursley,Frank Hursley,,,,,,,,,,Maurice Benard,Steve Burton,Rebecca Herbst ,60,1963,Drama,,,,,,,,,,1
349,Rectify,Ray McKinnon,,,,,,,,,,,Aden Young,Abigail Spencer,J. Smith-Cameron ,60,2013,Drama,,,,,,,,,,1
350,Miss Fisher's Murder Mysteries,,,,,,,,,,,,Essie Davis,Nathan Page,Hugo Johnstone-Burt ,60,2012,Crime , Drama , Mystery,,,,,,,,1
351,Even Stevens,Matt Dearborn,,,,,,,,,,,Shia LaBeouf,Christy Carlson Romano,A.J. Trauth ,30,1999,Comedy , Drama , Family,,,,,,,,1
352,The Returned,Carlton Cuse,,,,,,,,,,,Kevin Alejandro,Agnes Bruckner,India Ennenga ,42,2015,Drama , Horror,,,,,,,,,1
353,Forever,Matthew Miller,,,,,,,,,,,Ioan Gruffudd,Alana De La Garza,Joel David Moore ,43,2014,Drama , Sci-Fi,,,,,,,,,1
354,The King of Queens,David Litt,Michael J. Weithorn,,,,,,,,,,Kevin James,Leah Remini,Jerry Stiller ,22,1998,Comedy , Romance,,,,,,,,,1
355,Curb Your Enthusiasm,Larry David,,,,,,,,,,,Larry David,Cheryl Hines,Jeff Garlin ,28,1999,Comedy,,,,,,,,,,1
356,The L Word,Michele Abbott,Ilene Chaiken,Kathy Greenberg,,,,,,,,,Jennifer Beals,Leisha Hailey,Laurel Holloman ,50,2004,Drama , Romance,,,,,,,,,1
357,"Murder, She Wrote",Peter S. Fischer,Richard Levinson,William Link,,,,,,,,,Angela Lansbury,William Windom,Ron Masak ,93,1984,Crime , Drama , Mystery,,,,,,,,1
358,America's Next Top Model,Tyra Banks,Kenya Barris,Ken Mok,,,,,,,,,Adrianne Curry,Yoanna House,Tyra Banks ,42,2003,Game-Show , Reality-TV,,,,,,,,,1
359,Survivor,Charlie Parsons,,,,,,,,,,,Jeff Probst,Rob Mariano,Rupert Boneham ,60,2000,Adventure , Game-Show , Reality-TV,,,,,,,,1
360,Baby Daddy,Dan Berendsen,,,,,,,,,,,Jean-Luc Bilodeau,Tahj Mowry,Derek Theler ,22,2012,Comedy , Drama , Family,,,,,,,,1
361,Home and Away,Alan Bateman,,,,,,,,,,,Ray Meagher,Lynne McGranger,Norman Coburn ,22,1988,Drama , Romance,,,,,,,,,1
362,Red Oaks,Joe Gangemi,Gregory Jacobs,,,,,,,,,,Craig Roberts,Ennis Esmer,Oliver Cooper ,30,2014,Comedy,,,,,,,,,,1
363,Stargate: Atlantis,Robert C. Cooper,Brad Wright,,,,,,,,,,Joe Flanigan,Rachel Luttrell,David Hewlett ,44,2004,Action , Drama , Sci-Fi , Adventure,,,,,,,1
364,The Andy Griffith Show,Sheldon Leonard,Aaron Ruben,Danny Thomas,,,,,,,,,Andy Griffith,Ron Howard,Don Knotts ,30,1960,Comedy , Family,,,,,,,,,1
365,Alias,J.J. Abrams,,,,,,,,,,,Jennifer Garner,Ron Rifkin,Carl Lumbly ,42,2001,Action , Drama , Mystery , Sci-Fi , Thriller,,,,,,1
366,Bosch,Michael Connelly,Eric Overmyer,,,,,,,,,,Titus Welliver,Jamie Hector,Amy Aquino ,51,2014,Drama , Mystery,,,,,,,,,1
367,The Twilight Zone,Rod Serling,,,,,,,,,,,Rod Serling,Robert McCord,Jay Overholts ,51,1959,Fantasy , Horror , Mystery , Sci-Fi , Thriller,,,,,,1
368,My Name Is Earl,Gregory Thomas Garcia,,,,,,,,,,,Jason Lee,Ethan Suplee,Jaime Pressly ,30,2005,Comedy,,,,,,,,,,1
369,The Musketeers,Adrian Hodges,,,,,,,,,,,Tom Burke,Luke Pasqualino,Santiago Cabrera ,55,2014,Adventure , Drama,,,,,,,,,1
370,Foyle's War,Anthony Horowitz,,,,,,,,,,,Michael Kitchen,Honeysuckle Weeks,Anthony Howell ,100,2002,Crime , Drama , Mystery , War,,,,,,,1
371,Veronica Mars,Rob Thomas,,,,,,,,,,,Kristen Bell,Percy Daggs III,Jason Dohring ,60,2004,Crime , Drama , Mystery,,,,,,,,1
372,Getting On,Mark V. Olsen,Will Scheffer,Jo Brand,Vicki Pepperdine,Joanna Scanlan,,,,,,,Laurie Metcalf,Alex Borstein,Niecy Nash ,30,2013,Comedy,,,,,,,,,,1
373,Mike & Molly,Mark Roberts,,,,,,,,,,,Billy Gardell,Melissa McCarthy,Reno Wilson ,30,2010,Comedy,,,,,,,,,,1
374,Bunk'd,Pamela Eells,,,,,,,,,,,Peyton List,Karan Brar,Skai Jackson ,30,2015,Comedy,,,,,,,,,,1
375,Veep,Armando Iannucci,,,,,,,,,,,Julia Louis-Dreyfus,Anna Chlumsky,Tony Hale ,28,2012,Comedy,,,,,,,,,,1
376,"Sabrina, the Teenage Witch",Jonathan Schmock,Nell Scovell,,,,,,,,,,Melissa Joan Hart,Caroline Rhea,Beth Broderick ,22,1996,Comedy , Family , Fantasy,,,,,,,,1
377,Gunsmoke,,,,,,,,,,,,James Arness,Milburn Stone,Amanda Blake ,60,1955,Western,,,,,,,,,,1
378,Mistresses,K.J. Steinberg,,,,,,,,,,,Alyssa Milano,Jes Macallan,Rochelle Aytes ,43,2013,Drama , Thriller,,,,,,,,,1
379,Call the Midwife,Heidi Thomas,,,,,,,,,,,Vanessa Redgrave,Helen George,Jenny Agutter ,60,2012,Drama,,,,,,,,,,1
380,Law & Order: Criminal Intent,Rene Balcer,Dick Wolf,,,,,,,,,,Kathryn Erbe,Vincent D'Onofrio,Jamey Sheridan ,60,2001,Crime , Drama , Mystery , Thriller,,,,,,,1
381,The Shield,Shawn Ryan,,,,,,,,,,,Michael Chiklis,Catherine Dent,Walton Goggins ,47,2002,Crime , Drama , Thriller,,,,,,,,1
382,Cuffs,,,,,,,,,,,,Amanda Abbington,Karen Bryson,Alex Carter ,60,2015,Crime , Drama,,,,,,,,,1
383,CSI: NY,Ann Donahue,Carol Mendelsohn,Anthony E. Zuiker,,,,,,,,,Gary Sinise,Carmine Giovinazzo,Hill Harper ,43,2004,Action , Crime , Drama , Mystery , Thriller,,,,,,1
384,Devious Maids,Marc Cherry,,,,,,,,,,,Ana Ortiz,Dania Ramirez,Judy Reyes ,60,2013,Comedy , Drama , Mystery,,,,,,,,1
385,Bonanza,David Dortort,Fred Hamilton,,,,,,,,,,Lorne Greene,Michael Landon,Dan Blocker ,49,1959,Western,,,,,,,,,,1
386,Hand of God,Ben Watkins,,,,,,,,,,,Garret Dillahunt,Emayatzy Corinealdi,Julian Acosta ,60,2014,Crime , Drama,,,,,,,,,1
387,Batman,William Dozier,Bill Finger,Lorenzo Semple Jr.,,,,,,,,,Adam West,Burt Ward,Alan Napier ,30,1966,Action , Adventure , Comedy , Crime , Family , Fantasy , Mystery , Sci-Fi,,,1
388,Only Fools and Horses....,John Sullivan,,,,,,,,,,,David Jason,Nicholas Lyndhurst,Roger Lloyd Pack ,95,1981,Comedy,,,,,,,,,,1
389,The Mysteries of Laura,Jeff Rake,,,,,,,,,,,Debra Messing,Laz Alonso,Josh Lucas ,42,2014,Comedy , Crime , Mystery,,,,,,,,1
390,Happy Endings,David Caspe,,,,,,,,,,,Eliza Coupe,Elisha Cuthbert,Zachary Knighton ,30,2011,Comedy,,,,,,,,,,1
391,NYPD Blue,Steven Bochco,David Milch,,,,,,,,,,Dennis Franz,Gordon Clapp,James McDaniel ,45,1993,Crime , Drama , Mystery , Thriller,,,,,,,1
392,Louie,Louis C.K.,,,,,,,,,,,Louis C.K.,Hadley Delany,Ursula Parker ,22,2010,Comedy , Drama,,,,,,,,,1
393,Colony,,,,,,,,,,,,Josh Holloway,Peter Jacobson,Sarah Wayne Callies ,42,2016,Action , Adventure , Sci-Fi,,,,,,,,1
394,Ally McBeal,David E. Kelley,,,,,,,,,,,Calista Flockhart,Greg Germann,Jane Krakowski ,45,1997,Comedy , Drama , Fantasy , Music , Romance,,,,,,1
395,Drunk History,Jeremy Konner,Derek Waters,,,,,,,,,,Derek Waters,Bennie Arthur,Craig Cackowski ,22,2013,Comedy , History,,,,,,,,,1
396,8 Simple Rules,Tracy Gamble,,,,,,,,,,,Katey Sagal,Kaley Cuoco,Amy Davidson ,30,2002,Comedy , Drama,,,,,,,,,1
397,The Art of More,Chuck Rose,,,,,,,,,,,Christian Cooke,Kate Bosworth,Cary Elwes ,60,2015,Drama,,,,,,,,,,1
398,Extant,Mickey Fisher,,,,,,,,,,,Halle Berry,Pierce Gagnon,Grace Gummer ,42,2014,Drama , Sci-Fi , Thriller,,,,,,,,1
399,Dr. Ken,John Fox,Ken Jeong,Jared Stern,,,,,,,,,Albert Tsai,Ken Jeong,Suzy Nakamura ,21,2015,Comedy,,,,,,,,,,1
400,Deutschland 83,Anna Winger,Jörg Winger,,,,,,,,,,Jonas Nay,Maria Schrader,Ulrich Noethen ,42,2015,Drama , Thriller,,,,,,,,,1
401,Grace and Frankie,Marta Kauffman,Howard J. Morris,,,,,,,,,,Jane Fonda,Lily Tomlin,Martin Sheen ,30,2015,Comedy,,,,,,,,,,1
402,V,Kenneth Johnson,Scott Peters,,,,,,,,,,Elizabeth Mitchell,Morris Chestnut,Joel Gretsch ,42,2009,Drama , Sci-Fi , Thriller,,,,,,,,1
403,Rules of Engagement,Tom Hertz,,,,,,,,,,,Patrick Warburton,Megyn Price,Oliver Hudson ,30,2007,Comedy , Romance,,,,,,,,,1
404,The Carrie Diaries,Amy Harris,,,,,,,,,,,AnnaSophia Robb,Austin Butler,Ellen Wong ,42,2013,Comedy , Romance,,,,,,,,,1
405,Dominion,Vaun Wilmott,,,,,,,,,,,Roxanne McKee,Christopher Egan,Tom Wisdom ,90,2014,Action , Drama , Fantasy , Horror , Sci-Fi,,,,,,1
406,Poldark,,,,,,,,,,,,Heida Reed,Eleanor Tomlinson,Kyle Soller ,60,2015,Drama , History , Romance,,,,,,,,1
407,Raising Hope,Gregory Thomas Garcia,,,,,,,,,,,Lucas Neff,Martha Plimpton,Garret Dillahunt ,22,2010,Comedy , Family,,,,,,,,,1
408,Westworld,Lisa Joy,Jonathan Nolan,,,,,,,,,,Ben Barnes,Ingrid Bolsø Berdal,Clifton Collins Jr. ,60,2016,Sci-Fi , Western,,,,,,,,,1
409,Episodes,David Crane,Jeffrey Klarik,,,,,,,,,,Matt LeBlanc,Tamsin Greig,Stephen Mangan ,30,2011,Comedy,,,,,,,,,,1
410,Austin & Ally,Kevin Kopelow,Heath Seifert,,,,,,,,,,Ross Lynch,Laura Marano,Raini Rodriguez ,30,2011,Comedy , Music,,,,,,,,,1
411,IMDb: What to Watch,,,,,,,,,,,,Keith Simanton,Melanie McFarland,Miles Teller ,12,2013,Documentary,,,,,,,,,,1
412,Family Ties,Gary David Goldberg,,,,,,,,,,,Michael J. Fox,Michael Gross,Meredith Baxter ,30,1982,Comedy , Family,,,,,,,,,1
413,Xena: Warrior Princess,John Schulian,R.J. Stewart,Rob Tapert,,,,,,,,,Lucy Lawless,Renée O'Connor,Ted Raimi ,45,1995,Action , Adventure , Drama , Fantasy,,,,,,,1
414,Revolution,Eric Kripke,,,,,,,,,,,Billy Burke,Tracy Spiridakos,Giancarlo Esposito ,43,2012,Action , Adventure , Drama , Sci-Fi,,,,,,,1
415,Stitchers,Jeff Schechter,,,,,,,,,,,Emma Ishta,Kyle Harris,Ritesh Rajan ,60,2015,Sci-Fi,,,,,,,,,,1
416,The Doctor Blake Mysteries,,,,,,,,,,,,Craig McLachlan,Nadine Garner,Cate Wolfe ,57,2013,Mystery,,,,,,,,,,1
417,The Love Boat,Wilford Lloyd Baumes,,,,,,,,,,,Gavin MacLeod,Bernie Kopell,Ted Lange ,60,1977,Comedy , Drama , Romance,,,,,,,,1
418,Star Trek: Enterprise,Rick Berman,Brannon Braga,,,,,,,,,,Scott Bakula,John Billingsley,Jolene Blalock ,60,2001,Action , Adventure , Drama , Sci-Fi,,,,,,,1
419,Aquarius,John McNamara,,,,,,,,,,,David Duchovny,Gethin Anthony,Emma Dumont ,42,2015,Crime , Drama,,,,,,,,,1
420,Hannah Montana,Rich Correll,Barry O'Brien,Michael Poryes,,,,,,,,,Miley Cyrus,Emily Osment,Jason Earles ,23,2006,Comedy , Family , Music,,,,,,,,1
421,Nikita,Craig Silverstein,,,,,,,,,,,Maggie Q,Shane West,Lyndsy Fonseca ,60,2010,Action , Crime , Drama , Thriller,,,,,,,1
422,House of Lies,Matthew Carnahan,,,,,,,,,,,Don Cheadle,Kristen Bell,Ben Schwartz ,28,2012,Comedy , Drama,,,,,,,,,1
423,Being Mary Jane,Mara Brock Akil,,,,,,,,,,,Gabrielle Union,Lisa Vidal,Richard Brooks ,60,2013,Drama , Romance,,,,,,,,,1
424,The Nanny,Fran Drescher,Prudence Fraser,Peter Marc Jacobson,Robert Sternin,,,,,,,,Fran Drescher,Charles Shaughnessy,Daniel Davis ,30,1993,Comedy,,,,,,,,,,1
425,The Borgias,Neil Jordan,,,,,,,,,,,Jeremy Irons,François Arnaud,Holliday Grainger ,50,2011,Crime , Drama , History,,,,,,,,1
426,Numb3rs,Nicolas Falacci,Cheryl Heuton,,,,,,,,,,Rob Morrow,David Krumholtz,Judd Hirsch ,43,2005,Crime , Drama , Mystery , Thriller,,,,,,,1
427,Mighty Morphin Power Rangers,,,,,,,,,,,,Richard Steven Horvitz,David Yost,David J. Fielding ,30,1993,Action , Adventure , Family , Sci-Fi,,,,,,,1
428,Ripper Street,Richard Warlow,,,,,,,,,,,Matthew Macfadyen,Jerome Flynn,Adam Rothenberg ,59,2012,Crime , Mystery,,,,,,,,,1
429,Warehouse 13,Jane Espenson,D. Brent Mote,,,,,,,,,,Eddie McClintock,Joanne Kelly,Saul Rubinek ,43,2009,Drama , Mystery , Sci-Fi , Thriller,,,,,,,1
430,Covert Affairs,Matt Corman,Chris Ord,,,,,,,,,,Piper Perabo,Christopher Gorham,Kari Matchett ,60,2010,Action , Crime , Drama , Mystery , Thriller,,,,,,1
431,Detectorists,,,,,,,,,,,,Mackenzie Crook,Toby Jones,Rachael Stirling ,30,2014,Comedy,,,,,,,,,,1
432,TURN: Washington's Spies,Craig Silverstein,,,,,,,,,,,Jamie Bell,Seth Numrich,Daniel Henshall ,60,2014,Drama , War,,,,,,,,,1
433,Wizards of Waverly Place,Todd J. Greenwald,,,,,,,,,,,Selena Gomez,David Henrie,Jake T. Austin ,22,2007,Comedy , Family , Fantasy,,,,,,,,1
434,Marvel's Guardians of the Galaxy,,,,,,,,,,,,Will Friedle,Trevor Devall,Kevin Michael Richardson ,30,2015,Animation , Action , Adventure , Sci-Fi,,,,,,,1
435,The Office,,,,,,,,,,,,Ricky Gervais,Martin Freeman,Mackenzie Crook ,30,2001,Comedy , Drama,,,,,,,,,1
436,Family Matters,William Bickley,Robert L. Boyett,Thomas L. Miller,Michael Warren,,,,,,,,Reginald VelJohnson,Jaleel White,Kellie Shanygne Williams ,30,1989,Comedy , Drama , Family,,,,,,,,1
437,Drake & Josh,Dan Schneider,,,,,,,,,,,Drake Bell,Josh Peck,Miranda Cosgrove ,30,2004,Comedy , Family,,,,,,,,,1
438,The Real Housewives of Beverly Hills,Alex Baskin,Kathleen French,Douglas Ross,,,,,,,,,Kyle Richards,Adrienne Maloof,Camille Grammer ,44,2010,Reality-TV,,,,,,,,,,1
439,Broad City,Ilana Glazer,Abbi Jacobson,,,,,,,,,,Abbi Jacobson,Ilana Glazer,Hannibal Buress ,22,2014,Comedy,,,,,,,,,,1
440,W/ Bob and David,David Cross,Bob Odenkirk,,,,,,,,,,David Cross,Bob Odenkirk,John Ennis ,30,2015,Comedy,,,,,,,,,,1
441,The Golden Girls,Susan Harris,,,,,,,,,,,Bea Arthur,Betty White,Rue McClanahan ,30,1985,Comedy , Drama,,,,,,,,,1
442,The Legend of Korra,Michael Dante DiMartino,Bryan Konietzko,,,,,,,,,,Janet Varney,P.J. Byrne,David Faustino ,23,2012,Animation , Action , Adventure , Drama , Family , Fantasy,,,,,1
443,Unforgotten,Chris Lang,,,,,,,,,,,Nicola Walker,Sanjeev Bhaskar,Trevor Eve ,60,2015,Crime , Drama,,,,,,,,,1
444,Cougar Town,Kevin Biegel,Bill Lawrence,,,,,,,,,,Courteney Cox,Christa Miller,Busy Philipps ,22,2009,Comedy,,,,,,,,,,1
445,Nurse Jackie,Liz Brixius,Evan Dunsky,Linda Wallem,,,,,,,,,Edie Falco,Merritt Wever,Paul Schulze ,27,2009,Comedy , Drama,,,,,,,,,1
446,Victorious,Dan Schneider,,,,,,,,,,,Victoria Justice,Leon Thomas III,Matt Bennett ,30,2010,Comedy , Drama , Family , Music , Romance,,,,,,1
447,Batman: The Animated Series,,,,,,,,,,,,Kevin Conroy,Loren Lester,Efrem Zimbalist Jr. ,23,1992,Animation , Action , Adventure , Crime , Drama , Fantasy , Mystery , Romance , Sci-Fi , Thriller,1
448,Bewitched,Sol Saks,,,,,,,,,,,Elizabeth Montgomery,Dick York,Dick Sargent ,25,1964,Comedy , Family , Fantasy,,,,,,,,1
449,Leverage,Chris Downey,John Rogers,,,,,,,,,,Timothy Hutton,Gina Bellman,Christian Kane ,42,2008,Action , Crime , Mystery,,,,,,,,1
450,Inside Amy Schumer,,,,,,,,,,,,Amy Schumer,Kevin Kane,Mike Houston ,22,2013,Comedy,,,,,,,,,,1
451,21 Jump Street,Stephen J. Cannell,Patrick Hasburgh,,,,,,,,,,Johnny Depp,Dustin Nguyen,Peter DeLuise ,60,1987,Crime , Drama , Mystery,,,,,,,,1
452,Life Unexpected,Liz Tigelaar,,,,,,,,,,,Shiri Appleby,Kristoffer Polaha,Britt Robertson ,60,2010,Drama,,,,,,,,,,1
453,Second Chance,Rand Ravich,,,,,,,,,,,Robert Kazinsky,Adhir Kalyan,Dilshad Vadsaria ,42,2016,Drama , Horror , Sci-Fi,,,,,,,,1
454,The Inbetweeners,,,,,,,,,,,,Simon Bird,James Buckley,Blake Harrison ,25,2008,Comedy,,,,,,,,,,1
455,Inspector Lewis,,,,,,,,,,,,Kevin Whately,Laurence Fox,Clare Holman ,90,2007,Crime , Drama , Mystery,,,,,,,,1
456,"Dr. Quinn, Medicine Woman",Beth Sullivan,,,,,,,,,,,Jane Seymour,Joe Lando,Chad Allen ,60,1993,Drama , Family , Western,,,,,,,,1
457,Boston Legal,David E. Kelley,,,,,,,,,,,James Spader,William Shatner,Candice Bergen ,44,2004,Comedy , Crime , Drama , Mystery,,,,,,,1
458,The Munsters,Ed Haas,Norm Liebmann,,,,,,,,,,Fred Gwynne,Al Lewis,Yvonne De Carlo ,30,1964,Comedy , Family , Fantasy , Horror , Sci-Fi,,,,,,1
459,K.C. Undercover,Corinne Marshall,,,,,,,,,,,Zendaya,Veronica Dunne,Kamil McFadden ,30,2015,Comedy,,,,,,,,,,1
460,Wentworth,Reg Watson,Lara Radulovich,,,,,,,,,,Danielle Cormack,Nicole da Silva,Kate Atkinson ,45,2013,Crime , Drama,,,,,,,,,1
461,MI-5,David Wolstencroft,,,,,,,,,,,Peter Firth,Hugh Simon,Nicola Walker ,60,2002,Drama , Thriller,,,,,,,,,1
462,Power Rangers R.P.M.,,,,,,,,,,,,Eka Darville,Ari Boyland,Rose McIver ,22,2009,Action , Adventure , Comedy , Fantasy , Sci-Fi , Thriller,,,,,1
463,Ugly Betty,Silvio Horta,Fernando Gaitán,,,,,,,,,,America Ferrera,Eric Mabius,Tony Plana ,60,2006,Comedy , Drama,,,,,,,,,1
464,Wonder Woman,William M. Marston,Stanley Ralph Ross,,,,,,,,,,Lynda Carter,Lyle Waggoner,Tom Kratochvil ,60,1975,Action , Adventure , Family , Fantasy , Sci-Fi,,,,,,1
465,Vinyl,Terence Winter,,,,,,,,,,,Paul Ben-Victor,P.J. Byrne,Bobby Cannavale ,60,2016,Drama , Music,,,,,,,,,1
466,Justice League,Bob Kane,William M. Marston,Joe Shuster,Jerry Siegel,Gardner Fox,Christopher Keenan,Linda Steiner,,,,,Carl Lumbly,George Newbern,Phil LaMarr ,30,2001,Animation , Action , Adventure , Drama , Family , Fantasy , Mystery , Romance , Sci-Fi , Thriller,1
467,Faking It,Carter Covington,Dana Goodman,Julia Lea Wolov,,,,,,,,,Rita Volk,Katie Stevens,Gregg Sulkin ,30,2014,Comedy,,,,,,,,,,1
468,Telenovela,Jessica Goldstein,Robert Harling,Chrissy Pietrosh,,,,,,,,,Eva Longoria,Jencarlos Canela,Diana Maria Riva ,30,2015,Comedy,,,,,,,,,,1
469,The Brady Bunch,Sherwood Schwartz,,,,,,,,,,,Robert Reed,Florence Henderson,Ann B. Davis ,30,1969,Comedy , Family,,,,,,,,,1
470,Lilyhammer,Eilif Skodvin,Anne Bjørnstad,,,,,,,,,,Steven Van Zandt,Trond Fausa,Steinar Sagen ,45,2012,Comedy , Crime , Drama,,,,,,,,1
471,Terra Nova,Kelly Marcel,Craig Silverstein,,,,,,,,,,Jason O'Mara,Shelley Conn,Christine Adams ,46,2011,Adventure , Mystery , Sci-Fi,,,,,,,,1
472,Witches of East End,Maggie Friedman,,,,,,,,,,,Julia Ormond,Jenna Dewan Tatum,Rachel Boston ,60,2013,Drama , Fantasy,,,,,,,,,1
473,Galavant,Dan Fogelman,,,,,,,,,,,Joshua Sasse,Timothy Omundson,Vinnie Jones ,22,2015,Comedy , Musical,,,,,,,,,1
474,Rookie Blue,Morwyn Brebner,Tassie Cameron,Ellen Vanstone,,,,,,,,,Missy Peregrym,Gregory Smith,Enuka Okuma ,42,2010,Crime , Drama,,,,,,,,,1
475,Star Trek: Renegades,Gene Roddenberry,,,,,,,,,,,Adrienne Wilkinson,Walter Koenig,Sean Young ,88,2015,Action , Adventure , Sci-Fi,,,,,,,,1
476,The Bridge,Elwood Reid,Björn Stein,Meredith Stiehm,,,,,,,,,Demian Bichir,Diane Kruger,Thomas M. Wright ,45,2013,Crime , Drama , Mystery , Thriller,,,,,,,1
477,H2O: Just Add Water,Jonathan M. Shiff,,,,,,,,,,,Cariba Heine,Phoebe Tonkin,Angus McLaren ,23,2006,Drama , Family , Fantasy,,,,,,,,1
478,Miami Vice,Anthony Yerkovich,Andres Carranza,,,,,,,,,,Don Johnson,Philip Michael Thomas,Saundra Santiago ,48,1984,Action , Crime , Drama , Thriller,,,,,,,1
479,The Suite Life of Zack and Cody,Danny Kallis,Jim Geoghan,,,,,,,,,,Cole Sprouse,Dylan Sprouse,Brenda Song ,30,2005,Comedy , Family,,,,,,,,,1
480,Dancing with the Stars,,,,,,,,,,,,Tom Bergeron,Carrie Ann Inaba,Bruno Tonioli ,60,2005,Family , Game-Show , Music , Reality-TV,,,,,,,1
481,JAG,Donald P. Bellisario,,,,,,,,,,,David James Elliott,Catherine Bell,Patrick Labyorteaux ,60,1995,Action , Crime , Drama , Mystery , Thriller,,,,,,1
482,The Bold and the Beautiful,William J. Bell,Lee Phillip Bell,,,,,,,,,,Katherine Kelly Lang,Ronn Moss,Susan Flannery ,30,1987,Drama , Romance,,,,,,,,,1
483,The Brink,Kim Benabib,Roberto Benabib,,,,,,,,,,Jack Black,Tim Robbins,Pablo Schreiber ,30,2015,Comedy,,,,,,,,,,1
484,Secrets and Lies,Barbie Kligman,,,,,,,,,,,Ryan Phillippe,Juliette Lewis,KaDee Strickland ,43,2015,Crime , Drama,,,,,,,,,1
485,Lab Rats,Bryan Moore,Chris Peterson,,,,,,,,,,Billy Unger,Tyrel Jackson Williams,Spencer Boldman ,22,2012,Action , Comedy , Sci-Fi,,,,,,,,1
486,Will & Grace,David Kohan,Max Mutchnick,,,,,,,,,,Eric McCormack,Debra Messing,Megan Mullally ,22,1998,Comedy,,,,,,,,,,1
487,American Crime,John Ridley,,,,,,,,,,,Felicity Huffman,Brent Anderson,Timothy Hutton ,43,2015,Drama,,,,,,,,,,1
488,Charlie's Angels,Ivan Goff,Ben Roberts,,,,,,,,,,Kate Jackson,Farrah Fawcett,Jaclyn Smith ,60,1976,Action , Adventure , Crime , Drama , Mystery,,,,,,1
489,My Little Pony: Friendship Is Magic,Lauren Faust,,,,,,,,,,,Ashleigh Ball,Tabitha St. Germain,Tara Strong ,22,2010,Animation , Comedy , Family , Fantasy , Musical,,,,,,1
490,Fullmetal Alchemist: Brotherhood,,,,,,,,,,,,Kent Williams,Iemasa Kayumi,Vic Mignogna ,24,2009,Animation , Action , Adventure , Comedy , Drama , Sci-Fi,,,,,1
491,Halt and Catch Fire,Christopher Cantwell,Christopher C. Rogers,,,,,,,,,,Lee Pace,Scoot McNairy,Mackenzie Davis ,60,2014,Drama,,,,,,,,,,1
