"Date"	"Side 1"	"Side 1 Duration"	"Start Time 1"	"Side 2"	"Side 2 Duration"	"Start Time 2"	"Total Duration"	"Note"
" 11/29/12 13:15:57 GMT+01:00"	"R"	"00:07"	" 11/29/12 13:15:57 GMT+01:00"	""	""	""	"00:07"	""
" 11/29/12 12:39:50 GMT+01:00"	"R"	"00:12"	" 11/29/12 12:39:50 GMT+01:00"	""	""	""	"00:12"	""
" 11/29/12 10:23:35 GMT+01:00"	"L"	"00:09"	" 11/29/12 10:23:35 GMT+01:00"	""	""	""	"00:09"	""
" 11/29/12 8:43:59 GMT+01:00"	"R"	"00:08"	" 11/29/12 8:43:59 GMT+01:00"	""	""	""	"00:08"	""
" 11/29/12 7:42:03 GMT+01:00"	"L"	"00:08"	" 11/29/12 7:42:03 GMT+01:00"	""	""	""	"00:08"	""
" 11/28/12 20:03:59 GMT+01:00"	"L"	"00:07"	" 11/28/12 20:03:59 GMT+01:00"	""	""	""	"00:07"	""
" 11/28/12 17:05:52 GMT+01:00"	"R"	"00:24"	" 11/28/12 17:05:52 GMT+01:00"	""	""	""	"00:24"	""
" 11/28/12 15:36:02 GMT+01:00"	"L"	"00:11"	" 11/28/12 15:36:02 GMT+01:00"	""	""	""	"00:11"	""
" 11/28/12 13:11:41 GMT+01:00"	"R"	"00:13"	" 11/28/12 13:11:41 GMT+01:00"	""	""	""	"00:13"	""
" 11/28/12 9:47:04 GMT+01:00"	"L"	"00:11"	" 11/28/12 9:47:04 GMT+01:00"	""	""	""	"00:11"	""
" 11/28/12 8:38:21 GMT+01:00"	"L"	"00:06"	" 11/28/12 8:38:21 GMT+01:00"	""	""	""	"00:06"	""
" 11/28/12 7:36:55 GMT+01:00"	"R"	"00:17"	" 11/28/12 7:36:55 GMT+01:00"	""	""	""	"00:17"	""
" 11/27/12 19:15:29 GMT+01:00"	"L"	"00:04"	" 11/27/12 19:15:29 GMT+01:00"	""	""	""	"00:04"	""
" 11/27/12 17:42:39 GMT+01:00"	"R"	"00:13"	" 11/27/12 17:42:39 GMT+01:00"	""	""	""	"00:13"	""
" 11/27/12 15:39:17 GMT+01:00"	"L"	"00:06"	" 11/27/12 15:39:17 GMT+01:00"	""	""	""	"00:06"	""
" 11/27/12 14:45:26 GMT+01:00"	"L"	"00:13"	" 11/27/12 14:45:26 GMT+01:00"	""	""	""	"00:13"	""
" 11/27/12 10:28:41 GMT+01:00"	"R"	"00:19"	" 11/27/12 10:28:41 GMT+01:00"	""	""	""	"00:19"	""
" 11/27/12 8:51:59 GMT+01:00"	"L"	"00:11"	" 11/27/12 8:51:59 GMT+01:00"	""	""	""	"00:11"	""
" 11/27/12 7:46:23 GMT+01:00"	"R"	"00:13"	" 11/27/12 7:46:23 GMT+01:00"	""	""	""	"00:13"	""
" 11/26/12 20:32:34 GMT+01:00"	"R"	"00:13"	" 11/26/12 20:32:34 GMT+01:00"	""	""	""	"00:13"	""
" 11/26/12 19:15:04 GMT+01:00"	"L"	"00:08"	" 11/26/12 19:15:04 GMT+01:00"	""	""	""	"00:08"	""
" 11/26/12 17:35:54 GMT+01:00"	"L"	"00:09"	" 11/26/12 17:35:54 GMT+01:00"	""	""	""	"00:09"	""
" 11/26/12 17:11:19 GMT+01:00"	"R"	"00:10"	" 11/26/12 17:11:19 GMT+01:00"	""	""	""	"00:10"	""
" 11/26/12 15:19:25 GMT+01:00"	"L"	"00:09"	" 11/26/12 15:19:25 GMT+01:00"	""	""	""	"00:09"	""
" 11/26/12 14:40:01 GMT+01:00"	"R"	"00:11"	" 11/26/12 14:40:01 GMT+01:00"	""	""	""	"00:11"	""
" 11/26/12 11:34:20 GMT+01:00"	"R"	"00:09"	" 11/26/12 11:34:20 GMT+01:00"	""	""	""	"00:09"	""
" 11/26/12 9:27:21 GMT+01:00"	"L"	"00:05"	" 11/26/12 9:27:21 GMT+01:00"	""	""	""	"00:05"	""
" 11/26/12 6:58:49 GMT+01:00"	"L"	"00:12"	" 11/26/12 6:58:49 GMT+01:00"	""	""	""	"00:12"	""
" 11/25/12 19:10:06 GMT+01:00"	"L"	"00:10"	" 11/25/12 19:10:06 GMT+01:00"	""	""	""	"00:10"	""
" 11/25/12 18:02:44 GMT+01:00"	"R"	"00:09"	" 11/25/12 18:02:44 GMT+01:00"	""	""	""	"00:09"	""
" 11/25/12 17:37:19 GMT+01:00"	"R"	"00:09"	" 11/25/12 17:37:19 GMT+01:00"	""	""	""	"00:09"	""
" 11/25/12 13:55:09 GMT+01:00"	"L"	"00:08"	" 11/25/12 13:55:09 GMT+01:00"	""	""	""	"00:08"	""
" 11/25/12 13:05:55 GMT+01:00"	"L"	"00:10"	" 11/25/12 13:05:55 GMT+01:00"	""	""	""	"00:10"	""
" 11/25/12 10:49:31 GMT+01:00"	"R"	"00:11"	" 11/25/12 10:49:31 GMT+01:00"	""	""	""	"00:11"	""
" 11/25/12 9:01:42 GMT+01:00"	"L"	"00:09"	" 11/25/12 9:01:42 GMT+01:00"	""	""	""	"00:09"	""
" 11/25/12 7:11:27 GMT+01:00"	"L"	"00:09"	" 11/25/12 7:11:27 GMT+01:00"	""	""	""	"00:09"	""
" 11/24/12 19:26:20 GMT+01:00"	"L"	"00:08"	" 11/24/12 19:26:20 GMT+01:00"	""	""	""	"00:08"	""
" 11/24/12 18:40:44 GMT+01:00"	"L"	"00:08"	" 11/24/12 18:40:44 GMT+01:00"	""	""	""	"00:08"	""
" 11/24/12 17:06:39 GMT+01:00"	"R"	"00:10"	" 11/24/12 17:06:39 GMT+01:00"	""	""	""	"00:10"	""
" 11/24/12 15:15:33 GMT+01:00"	"L"	"00:14"	" 11/24/12 15:15:33 GMT+01:00"	""	""	""	"00:14"	""
" 11/24/12 12:57:35 GMT+01:00"	"L"	"00:13"	" 11/24/12 12:57:35 GMT+01:00"	""	""	""	"00:13"	""
" 11/24/12 10:34:03 GMT+01:00"	"R"	"00:12"	" 11/24/12 10:34:03 GMT+01:00"	""	""	""	"00:12"	""
" 11/24/12 8:30:07 GMT+01:00"	"R"	"00:10"	" 11/24/12 8:30:07 GMT+01:00"	""	""	""	"00:10"	""
" 11/24/12 7:06:08 GMT+01:00"	"R"	"00:12"	" 11/24/12 7:06:08 GMT+01:00"	""	""	""	"00:12"	""
" 11/23/12 19:44:09 GMT+01:00"	"R"	"00:14"	" 11/23/12 19:44:09 GMT+01:00"	""	""	""	"00:14"	""
" 11/23/12 17:31:34 GMT+01:00"	"L"	"00:20"	" 11/23/12 17:31:34 GMT+01:00"	""	""	""	"00:20"	""
" 11/23/12 13:27:26 GMT+01:00"	"R"	"00:10"	" 11/23/12 13:27:26 GMT+01:00"	""	""	""	"00:10"	""
" 11/23/12 11:42:12 GMT+01:00"	"L"	"00:22"	" 11/23/12 11:42:12 GMT+01:00"	""	""	""	"00:22"	""
" 11/23/12 7:53:32 GMT+01:00"	"R"	"00:14"	" 11/23/12 7:53:32 GMT+01:00"	""	""	""	"00:14"	""
" 11/22/12 20:26:24 GMT+01:00"	"R"	"00:16"	" 11/22/12 20:26:24 GMT+01:00"	""	""	""	"00:16"	""
" 11/22/12 19:22:18 GMT+01:00"	"L"	"00:12"	" 11/22/12 19:22:18 GMT+01:00"	""	""	""	"00:12"	""
" 11/22/12 17:18:00 GMT+01:00"	"R"	"00:18"	" 11/22/12 17:18:00 GMT+01:00"	""	""	""	"00:18"	""
" 11/22/12 13:37:00 GMT+01:00"	"L"	"00:13"	" 11/22/12 13:37:00 GMT+01:00"	""	""	""	"00:13"	""
" 11/22/12 11:10:40 GMT+01:00"	"R"	"00:19"	" 11/22/12 11:10:40 GMT+01:00"	""	""	""	"00:19"	""
" 11/22/12 8:56:19 GMT+01:00"	"L"	"00:07"	" 11/22/12 8:56:19 GMT+01:00"	""	""	""	"00:07"	""
" 11/22/12 7:02:24 GMT+01:00"	"R"	"00:11"	" 11/22/12 7:02:24 GMT+01:00"	""	""	""	"00:11"	""
" 11/21/12 19:50:50 GMT+01:00"	"L"	"00:20"	" 11/21/12 19:50:50 GMT+01:00"	""	""	""	"00:20"	""
" 11/21/12 17:48:03 GMT+01:00"	"R"	"00:12"	" 11/21/12 17:48:03 GMT+01:00"	""	""	""	"00:12"	""
" 11/21/12 15:32:30 GMT+01:00"	"L"	"00:14"	" 11/21/12 15:32:30 GMT+01:00"	""	""	""	"00:14"	""
" 11/21/12 11:59:44 GMT+01:00"	"R"	"00:08"	" 11/21/12 11:59:44 GMT+01:00"	""	""	""	"00:08"	""
" 11/21/12 10:01:32 GMT+01:00"	"L"	"00:07"	" 11/21/12 10:01:32 GMT+01:00"	""	""	""	"00:07"	""
" 11/21/12 8:43:56 GMT+01:00"	"L"	"00:03"	" 11/21/12 8:43:56 GMT+01:00"	""	""	""	"00:03"	""
" 11/21/12 7:45:33 GMT+01:00"	"R"	"00:11"	" 11/21/12 7:45:33 GMT+01:00"	""	""	""	"00:11"	""
" 11/20/12 19:56:11 GMT+01:00"	"R"	"00:08"	" 11/20/12 19:56:11 GMT+01:00"	""	""	""	"00:08"	""
" 11/20/12 19:15:39 GMT+01:00"	"L"	"00:06"	" 11/20/12 19:15:39 GMT+01:00"	""	""	""	"00:06"	""
" 11/20/12 18:38:21 GMT+01:00"	"L"	"00:08"	" 11/20/12 18:38:21 GMT+01:00"	""	""	""	"00:08"	""
" 11/20/12 15:27:00 GMT+01:00"	"R"	"00:13"	" 11/20/12 15:27:00 GMT+01:00"	""	""	""	"00:13"	""
" 11/20/12 13:23:39 GMT+01:00"	"L"	"00:08"	" 11/20/12 13:23:39 GMT+01:00"	""	""	""	"00:08"	""
" 11/20/12 13:08:34 GMT+01:00"	"L"	"00:10"	" 11/20/12 13:08:34 GMT+01:00"	""	""	""	"00:10"	""
" 11/20/12 9:25:02 GMT+01:00"	"R"	"00:10"	" 11/20/12 9:25:02 GMT+01:00"	""	""	""	"00:10"	""
" 11/20/12 7:20:56 GMT+01:00"	"L"	"00:10"	" 11/20/12 7:20:56 GMT+01:00"	""	""	""	"00:10"	""
" 11/19/12 19:39:40 GMT+01:00"	"L"	"00:08"	" 11/19/12 19:39:40 GMT+01:00"	""	""	""	"00:08"	""
" 11/19/12 17:16:29 GMT+01:00"	"R"	"00:11"	" 11/19/12 17:16:29 GMT+01:00"	""	""	""	"00:11"	""
" 11/19/12 12:56:48 GMT+01:00"	"L"	"00:13"	" 11/19/12 12:56:48 GMT+01:00"	""	""	""	"00:13"	""
" 11/19/12 9:25:12 GMT+01:00"	"R"	"00:07"	" 11/19/12 9:25:12 GMT+01:00"	""	""	""	"00:07"	""
" 11/19/12 7:02:12 GMT+01:00"	"L"	"00:09"	" 11/19/12 7:02:12 GMT+01:00"	""	""	""	"00:09"	""
" 11/19/12 20:55:48 GMT+01:00"	"R"	"00:05"	" 11/19/12 20:55:48 GMT+01:00"	""	""	""	"00:05"	""
" 11/18/12 19:37:37 GMT+01:00"	"R"	"00:08"	" 11/18/12 19:37:37 GMT+01:00"	""	""	""	"00:08"	""
" 11/18/12 17:20:04 GMT+01:00"	"L"	"00:07"	" 11/18/12 17:20:04 GMT+01:00"	""	""	""	"00:07"	""
" 11/18/12 16:04:46 GMT+01:00"	"L"	"00:12"	" 11/18/12 16:04:46 GMT+01:00"	""	""	""	"00:12"	""
" 11/18/12 13:52:14 GMT+01:00"	"R"	"00:20"	" 11/18/12 13:52:14 GMT+01:00"	""	""	""	"00:20"	""
" 11/18/12 12:41:01 GMT+01:00"	"L"	"00:13"	" 11/18/12 12:41:01 GMT+01:00"	""	""	""	"00:13"	""
" 11/18/12 9:15:16 GMT+01:00"	"R"	"00:14"	" 11/18/12 9:15:16 GMT+01:00"	""	""	""	"00:14"	""
" 11/18/12 7:53:23 GMT+01:00"	"L"	"00:09"	" 11/18/12 7:53:23 GMT+01:00"	""	""	""	"00:09"	""
" 11/17/12 19:30:44 GMT+01:00"	"L"	"00:12"	" 11/17/12 19:30:44 GMT+01:00"	""	""	""	"00:12"	""
" 11/17/12 17:01:12 GMT+01:00"	"R"	"00:13"	" 11/17/12 17:01:12 GMT+01:00"	""	""	""	"00:13"	""
" 11/17/12 14:50:21 GMT+01:00"	"L"	"00:10"	" 11/17/12 14:50:21 GMT+01:00"	""	""	""	"00:10"	""
" 11/17/12 11:44:43 GMT+01:00"	"R"	"00:35"	" 11/17/12 11:44:43 GMT+01:00"	""	""	""	"00:35"	""
" 11/17/12 8:48:07 GMT+01:00"	"L"	"00:11"	" 11/17/12 8:48:07 GMT+01:00"	""	""	""	"00:11"	""
" 11/17/12 7:49:10 GMT+01:00"	"R"	"00:12"	" 11/17/12 7:49:10 GMT+01:00"	""	""	""	"00:12"	""
" 11/16/12 18:26:18 GMT+01:00"	"R"	"00:08"	" 11/16/12 18:26:18 GMT+01:00"	""	""	""	"00:08"	""
" 11/16/12 16:43:42 GMT+01:00"	"L"	"00:09"	" 11/16/12 16:43:42 GMT+01:00"	""	""	""	"00:09"	""
" 11/16/12 14:55:10 GMT+01:00"	"R"	"00:15"	" 11/16/12 14:55:10 GMT+01:00"	""	""	""	"00:15"	""
" 11/16/12 11:25:59 GMT+01:00"	"L"	"00:14"	" 11/16/12 11:25:59 GMT+01:00"	""	""	""	"00:14"	""
" 11/16/12 7:20:26 GMT+01:00"	"R"	"00:15"	" 11/16/12 7:20:26 GMT+01:00"	""	""	""	"00:15"	""
" 11/15/12 19:42:40 GMT+01:00"	"L"	"00:20"	" 11/15/12 19:42:40 GMT+01:00"	""	""	""	"00:20"	""
" 11/15/12 17:40:45 GMT+01:00"	"R"	"00:17"	" 11/15/12 17:40:45 GMT+01:00"	""	""	""	"00:17"	""
" 11/15/12 15:38:17 GMT+01:00"	"L"	"00:09"	" 11/15/12 15:38:17 GMT+01:00"	""	""	""	"00:09"	""
" 11/15/12 13:05:03 GMT+01:00"	"R"	"00:26"	" 11/15/12 13:05:03 GMT+01:00"	""	""	""	"00:26"	""
" 11/15/12 9:53:00 GMT+01:00"	"L"	"00:10"	" 11/15/12 9:53:00 GMT+01:00"	""	""	""	"00:10"	""
" 11/15/12 7:14:08 GMT+01:00"	"R"	"00:20"	" 11/15/12 7:14:08 GMT+01:00"	""	""	""	"00:20"	""
" 11/14/12 20:33:05 GMT+01:00"	"L"	"00:06"	" 11/14/12 20:33:05 GMT+01:00"	""	""	""	"00:06"	""
" 11/14/12 18:37:58 GMT+01:00"	"R"	"00:12"	" 11/14/12 18:37:58 GMT+01:00"	"L"	"00:06"	" 11/14/12 18:49:12 GMT+01:00"	"00:17"	""
" 11/14/12 17:55:14 GMT+01:00"	"R"	"00:05"	" 11/14/12 17:55:14 GMT+01:00"	"L"	"00:06"	" 11/14/12 18:49:12 GMT+01:00"	"00:05"	""
" 11/14/12 14:26:27 GMT+01:00"	"L"	"00:08"	" 11/14/12 14:26:27 GMT+01:00"	"L"	"00:06"	" 11/14/12 18:49:12 GMT+01:00"	"00:08"	""
" 11/14/12 12:23:23 GMT+01:00"	"R"	"00:22"	" 11/14/12 12:23:23 GMT+01:00"	"L"	"00:06"	" 11/14/12 18:49:12 GMT+01:00"	"00:22"	""
" 11/14/12 9:41:25 GMT+01:00"	"L"	"00:10"	" 11/14/12 9:41:25 GMT+01:00"	"L"	"00:06"	" 11/14/12 18:49:12 GMT+01:00"	"00:10"	""
" 11/14/12 7:33:40 GMT+01:00"	"L"	"00:05"	" 11/14/12 7:33:40 GMT+01:00"	"L"	"00:06"	" 11/14/12 18:49:12 GMT+01:00"	"00:05"	""
" 11/14/12 7:00:48 GMT+01:00"	"R"	"00:16"	" 11/14/12 7:00:48 GMT+01:00"	"L"	"00:06"	" 11/14/12 18:49:12 GMT+01:00"	"00:16"	""
" 11/13/12 19:28:14 GMT+01:00"	"R"	"00:10"	" 11/13/12 19:28:14 GMT+01:00"	"L"	"00:06"	" 11/14/12 18:49:12 GMT+01:00"	"00:10"	""
" 11/13/12 16:33:45 GMT+01:00"	"L"	"00:14"	" 11/13/12 16:33:45 GMT+01:00"	"L"	"00:06"	" 11/14/12 18:49:12 GMT+01:00"	"00:14"	""
" 11/13/12 14:24:28 GMT+01:00"	"R"	"00:16"	" 11/13/12 14:24:28 GMT+01:00"	"L"	"00:06"	" 11/14/12 18:49:12 GMT+01:00"	"00:16"	""
" 11/13/12 10:00:40 GMT+01:00"	"L"	"00:10"	" 11/13/12 10:00:40 GMT+01:00"	"L"	"00:06"	" 11/14/12 18:49:12 GMT+01:00"	"00:10"	""
" 11/13/12 8:00:51 GMT+01:00"	"R"	"00:13"	" 11/13/12 8:00:51 GMT+01:00"	"L"	"00:06"	" 11/14/12 18:49:12 GMT+01:00"	"00:13"	""
" 11/12/12 20:38:13 GMT+01:00"	"L"	"00:07"	" 11/12/12 20:38:13 GMT+01:00"	"L"	"00:06"	" 11/14/12 18:49:12 GMT+01:00"	"00:07"	""
" 11/12/12 17:59:02 GMT+01:00"	"R"	"00:13"	" 11/12/12 17:59:02 GMT+01:00"	"L"	"00:06"	" 11/14/12 18:49:12 GMT+01:00"	"00:13"	""
" 11/12/12 15:00:36 GMT+01:00"	"L"	"00:11"	" 11/12/12 15:00:36 GMT+01:00"	"L"	"00:06"	" 11/14/12 18:49:12 GMT+01:00"	"00:11"	""
" 11/12/12 13:04:04 GMT+01:00"	"L"	"00:08"	" 11/12/12 13:04:04 GMT+01:00"	"L"	"00:06"	" 11/14/12 18:49:12 GMT+01:00"	"00:08"	""
" 11/12/12 10:32:55 GMT+01:00"	"R"	"00:21"	" 11/12/12 10:32:55 GMT+01:00"	"L"	"00:06"	" 11/14/12 18:49:12 GMT+01:00"	"00:21"	""
" 11/12/12 7:15:33 GMT+01:00"	"L"	"00:13"	" 11/12/12 7:15:33 GMT+01:00"	"L"	"00:06"	" 11/14/12 18:49:12 GMT+01:00"	"00:13"	""
" 11/11/12 20:09:16 GMT+01:00"	"R"	"00:05"	" 11/11/12 20:09:16 GMT+01:00"	"L"	"00:06"	" 11/14/12 18:49:12 GMT+01:00"	"00:05"	""
" 11/11/12 18:49:02 GMT+01:00"	"R"	"00:12"	" 11/11/12 18:49:02 GMT+01:00"	"L"	"00:06"	" 11/14/12 18:49:12 GMT+01:00"	"00:12"	""
" 11/11/12 16:43:21 GMT+01:00"	"L"	"00:09"	" 11/11/12 16:43:21 GMT+01:00"	"L"	"00:06"	" 11/14/12 18:49:12 GMT+01:00"	"00:09"	""
" 11/11/12 15:14:57 GMT+01:00"	"R"	"00:09"	" 11/11/12 15:14:57 GMT+01:00"	"L"	"00:06"	" 11/14/12 18:49:12 GMT+01:00"	"00:09"	""
" 11/11/12 14:24:22 GMT+01:00"	"R"	"00:03"	" 11/11/12 14:24:22 GMT+01:00"	"L"	"00:06"	" 11/14/12 18:49:12 GMT+01:00"	"00:03"	""
" 11/11/12 12:11:10 GMT+01:00"	"L"	"00:15"	" 11/11/12 12:11:10 GMT+01:00"	"L"	"00:06"	" 11/14/12 18:49:12 GMT+01:00"	"00:15"	""
" 11/11/12 10:13:08 GMT+01:00"	"L"	"00:08"	" 11/11/12 10:13:08 GMT+01:00"	"L"	"00:06"	" 11/14/12 18:49:12 GMT+01:00"	"00:08"	""
" 11/11/12 8:01:29 GMT+01:00"	"R"	"00:16"	" 11/11/12 8:01:29 GMT+01:00"	"L"	"00:06"	" 11/14/12 18:49:12 GMT+01:00"	"00:16"	""
" 11/10/12 19:39:37 GMT+01:00"	"L"	"00:10"	" 11/10/12 19:39:37 GMT+01:00"	"L"	"00:06"	" 11/14/12 18:49:12 GMT+01:00"	"00:10"	""
" 11/10/12 18:49:02 GMT+01:00"	"L"	"00:20"	" 11/10/12 18:49:02 GMT+01:00"	"L"	"00:06"	" 11/14/12 18:49:12 GMT+01:00"	"00:20"	""
" 11/10/12 16:18:09 GMT+01:00"	"R"	"00:22"	" 11/10/12 16:18:09 GMT+01:00"	"L"	"00:06"	" 11/14/12 18:49:12 GMT+01:00"	"00:22"	""
" 11/10/12 13:03:28 GMT+01:00"	"L"	"00:14"	" 11/10/12 13:03:28 GMT+01:00"	"L"	"00:06"	" 11/14/12 18:49:12 GMT+01:00"	"00:14"	""
" 11/10/12 10:36:14 GMT+01:00"	"R"	"00:15"	" 11/10/12 10:36:14 GMT+01:00"	"L"	"00:06"	" 11/14/12 18:49:12 GMT+01:00"	"00:15"	""
" 11/10/12 9:00:13 GMT+01:00"	"L"	"00:11"	" 11/10/12 9:00:13 GMT+01:00"	"L"	"00:06"	" 11/14/12 18:49:12 GMT+01:00"	"00:11"	""
" 11/10/12 7:45:24 GMT+01:00"	"L"	"00:12"	" 11/10/12 7:45:24 GMT+01:00"	"L"	"00:06"	" 11/14/12 18:49:12 GMT+01:00"	"00:12"	""
" 11/9/12 20:01:58 GMT+01:00"	"L"	"00:22"	" 11/9/12 20:01:58 GMT+01:00"	"L"	"00:06"	" 11/14/12 18:49:12 GMT+01:00"	"00:22"	""
" 11/9/12 18:49:17 GMT+01:00"	"R"	"00:13"	" 11/9/12 18:49:17 GMT+01:00"	"L"	"00:06"	" 11/14/12 18:49:12 GMT+01:00"	"00:13"	""
" 11/9/12 16:36:25 GMT+01:00"	"L"	"00:06"	" 11/9/12 16:36:25 GMT+01:00"	"L"	"00:06"	" 11/14/12 18:49:12 GMT+01:00"	"00:06"	""
" 11/9/12 14:30:39 GMT+01:00"	"L"	"00:15"	" 11/9/12 14:30:39 GMT+01:00"	"L"	"00:06"	" 11/14/12 18:49:12 GMT+01:00"	"00:15"	""
" 11/9/12 12:36:57 GMT+01:00"	"R"	"00:14"	" 11/9/12 12:36:57 GMT+01:00"	"L"	"00:06"	" 11/14/12 18:49:12 GMT+01:00"	"00:14"	""
" 11/9/12 10:47:58 GMT+01:00"	"L"	"00:11"	" 11/9/12 10:47:58 GMT+01:00"	"L"	"00:06"	" 11/14/12 18:49:12 GMT+01:00"	"00:11"	""
" 11/9/12 10:01:29 GMT+01:00"	"L"	"00:08"	" 11/9/12 10:01:29 GMT+01:00"	"L"	"00:06"	" 11/14/12 18:49:12 GMT+01:00"	"00:08"	""
" 11/9/12 7:43:35 GMT+01:00"	"R"	"00:15"	" 11/9/12 7:43:35 GMT+01:00"	"L"	"00:06"	" 11/14/12 18:49:12 GMT+01:00"	"00:15"	""
" 11/9/12 19:30:44 GMT+01:00"	"L"	"00:10"	" 11/9/12 19:30:44 GMT+01:00"	"L"	"00:06"	" 11/14/12 18:49:12 GMT+01:00"	"00:10"	""
" 11/8/12 17:06:52 GMT+01:00"	"R"	"00:13"	" 11/8/12 17:06:52 GMT+01:00"	"L"	"00:06"	" 11/14/12 18:49:12 GMT+01:00"	"00:13"	""
" 11/8/12 15:41:50 GMT+01:00"	"L"	"00:08"	" 11/8/12 15:41:50 GMT+01:00"	"L"	"00:06"	" 11/14/12 18:49:12 GMT+01:00"	"00:08"	""
" 11/8/12 15:08:17 GMT+01:00"	"L"	"00:10"	" 11/8/12 15:08:17 GMT+01:00"	"L"	"00:06"	" 11/14/12 18:49:12 GMT+01:00"	"00:10"	""
" 11/8/12 13:04:26 GMT+01:00"	"R"	"00:18"	" 11/8/12 13:04:26 GMT+01:00"	"L"	"00:06"	" 11/14/12 18:49:12 GMT+01:00"	"00:18"	""
" 11/8/12 9:44:25 GMT+01:00"	"L"	"00:10"	" 11/8/12 9:44:25 GMT+01:00"	"L"	"00:06"	" 11/14/12 18:49:12 GMT+01:00"	"00:10"	""
" 11/8/12 8:29:17 GMT+01:00"	"L"	"00:12"	" 11/8/12 8:29:17 GMT+01:00"	"L"	"00:06"	" 11/14/12 18:49:12 GMT+01:00"	"00:12"	""
" 11/8/12 7:23:38 GMT+01:00"	"R"	"00:13"	" 11/8/12 7:23:38 GMT+01:00"	"L"	"00:06"	" 11/14/12 18:49:12 GMT+01:00"	"00:13"	""
" 11/7/12 20:10:24 GMT+01:00"	"L"	"00:10"	" 11/7/12 20:10:24 GMT+01:00"	"L"	"00:06"	" 11/14/12 18:49:12 GMT+01:00"	"00:10"	""
" 11/7/12 19:07:56 GMT+01:00"	"R"	"00:19"	" 11/7/12 19:07:56 GMT+01:00"	"L"	"00:06"	" 11/14/12 18:49:12 GMT+01:00"	"00:19"	""
" 11/7/12 17:21:17 GMT+01:00"	"L"	"00:22"	" 11/7/12 17:21:17 GMT+01:00"	"L"	"00:06"	" 11/14/12 18:49:12 GMT+01:00"	"00:22"	""
" 11/7/12 12:56:52 GMT+01:00"	"R"	"00:20"	" 11/7/12 12:56:52 GMT+01:00"	"L"	"00:06"	" 11/14/12 18:49:12 GMT+01:00"	"00:20"	""
" 11/7/12 10:08:36 GMT+01:00"	"L"	"00:09"	" 11/7/12 10:08:36 GMT+01:00"	"L"	"00:06"	" 11/14/12 18:49:12 GMT+01:00"	"00:09"	""
" 11/7/12 7:34:20 GMT+01:00"	"R"	"00:12"	" 11/7/12 7:34:20 GMT+01:00"	"L"	"00:06"	" 11/14/12 18:49:12 GMT+01:00"	"00:12"	""
" 11/6/12 20:46:41 GMT+01:00"	"L"	"00:11"	" 11/6/12 20:46:41 GMT+01:00"	"L"	"00:06"	" 11/14/12 18:49:12 GMT+01:00"	"00:11"	""
" 11/6/12 18:00:09 GMT+01:00"	"R"	"00:10"	" 11/6/12 18:00:09 GMT+01:00"	"L"	"00:06"	" 11/14/12 18:49:12 GMT+01:00"	"00:10"	""
" 11/6/12 16:33:20 GMT+01:00"	"R"	"00:08"	" 11/6/12 16:33:20 GMT+01:00"	"L"	"00:06"	" 11/14/12 18:49:12 GMT+01:00"	"00:08"	""
" 11/6/12 14:57:01 GMT+01:00"	"L"	"00:09"	" 11/6/12 14:57:01 GMT+01:00"	"L"	"00:06"	" 11/14/12 18:49:12 GMT+01:00"	"00:09"	""
" 11/6/12 14:40:01 GMT+01:00"	"R"	"00:14"	" 11/6/12 14:40:01 GMT+01:00"	"L"	"00:06"	" 11/14/12 18:49:12 GMT+01:00"	"00:14"	""
" 11/6/12 12:01:31 GMT+01:00"	"L"	"00:10"	" 11/6/12 12:01:31 GMT+01:00"	"L"	"00:06"	" 11/14/12 18:49:12 GMT+01:00"	"00:10"	""
" 11/6/12 9:48:38 GMT+01:00"	"R"	"00:03"	" 11/6/12 9:48:38 GMT+01:00"	"L"	"00:06"	" 11/14/12 18:49:12 GMT+01:00"	"00:03"	""
" 11/6/12 8:26:04 GMT+01:00"	"L"	"00:10"	" 11/6/12 8:26:04 GMT+01:00"	"L"	"00:06"	" 11/14/12 18:49:12 GMT+01:00"	"00:10"	""
" 11/6/12 7:49:48 GMT+01:00"	"R"	"00:12"	" 11/6/12 7:49:48 GMT+01:00"	"L"	"00:06"	" 11/14/12 18:49:12 GMT+01:00"	"00:12"	""
" 11/5/12 20:07:39 GMT+01:00"	"L"	"00:10"	" 11/5/12 20:07:39 GMT+01:00"	"L"	"00:06"	" 11/14/12 18:49:12 GMT+01:00"	"00:10"	""
" 11/5/12 19:07:04 GMT+01:00"	"R"	"00:16"	" 11/5/12 19:07:04 GMT+01:00"	"L"	"00:06"	" 11/14/12 18:49:12 GMT+01:00"	"00:16"	""
" 11/5/12 15:31:33 GMT+01:00"	"L"	"00:10"	" 11/5/12 15:31:33 GMT+01:00"	"L"	"00:06"	" 11/14/12 18:49:12 GMT+01:00"	"00:10"	""
" 11/5/12 12:47:30 GMT+01:00"	"R"	"00:17"	" 11/5/12 12:47:30 GMT+01:00"	"L"	"00:06"	" 11/14/12 18:49:12 GMT+01:00"	"00:17"	""
" 11/5/12 10:28:32 GMT+01:00"	"L"	"00:10"	" 11/5/12 10:28:32 GMT+01:00"	"L"	"00:06"	" 11/14/12 18:49:12 GMT+01:00"	"00:10"	""
" 11/5/12 8:57:08 GMT+01:00"	"R"	"00:13"	" 11/5/12 8:57:08 GMT+01:00"	"L"	"00:06"	" 11/14/12 18:49:12 GMT+01:00"	"00:13"	""
" 11/5/12 8:08:15 GMT+01:00"	"L"	"00:07"	" 11/5/12 8:08:15 GMT+01:00"	"L"	"00:06"	" 11/14/12 18:49:12 GMT+01:00"	"00:07"	""
" 11/5/12 7:42:10 GMT+01:00"	"L"	"00:10"	" 11/5/12 7:42:10 GMT+01:00"	"L"	"00:06"	" 11/14/12 18:49:12 GMT+01:00"	"00:10"	""
" 11/4/12 20:56:32 GMT+01:00"	"L"	"00:11"	" 11/4/12 20:56:32 GMT+01:00"	"R"	"00:14"	" 11/4/12 21:07:40 GMT+01:00"	"00:25"	""
" 11/4/12 18:25:41 GMT+01:00"	"L"	"00:12"	" 11/4/12 18:25:41 GMT+01:00"	"R"	"00:14"	" 11/4/12 21:07:40 GMT+01:00"	"00:12"	""
" 11/4/12 16:06:04 GMT+01:00"	"R"	"00:20"	" 11/4/12 16:06:04 GMT+01:00"	"R"	"00:14"	" 11/4/12 21:07:40 GMT+01:00"	"00:20"	""
" 11/4/12 13:55:50 GMT+01:00"	"R"	"00:17"	" 11/4/12 13:55:50 GMT+01:00"	"R"	"00:14"	" 11/4/12 21:07:40 GMT+01:00"	"00:17"	""
" 11/4/12 9:28:57 GMT+01:00"	"L"	"00:08"	" 11/4/12 9:28:57 GMT+01:00"	"R"	"00:14"	" 11/4/12 21:07:40 GMT+01:00"	"00:08"	""
" 11/4/12 8:24:37 GMT+01:00"	"R"	"00:10"	" 11/4/12 8:24:37 GMT+01:00"	"R"	"00:14"	" 11/4/12 21:07:40 GMT+01:00"	"00:10"	""
" 11/4/12 7:54:59 GMT+01:00"	"L"	"00:10"	" 11/4/12 7:54:59 GMT+01:00"	"R"	"00:14"	" 11/4/12 21:07:40 GMT+01:00"	"00:10"	""
" 11/3/12 21:03:10 GMT+01:00"	"R"	"00:07"	" 11/3/12 21:03:10 GMT+01:00"	"R"	"00:14"	" 11/4/12 21:07:40 GMT+01:00"	"00:07"	""
" 11/3/12 20:42:11 GMT+01:00"	"L"	"00:14"	" 11/3/12 20:42:11 GMT+01:00"	"R"	"00:14"	" 11/4/12 21:07:40 GMT+01:00"	"00:14"	""
" 11/3/12 16:49:47 GMT+01:00"	"R"	"00:13"	" 11/3/12 16:49:47 GMT+01:00"	"R"	"00:14"	" 11/4/12 21:07:40 GMT+01:00"	"00:13"	""
" 11/3/12 14:44:12 GMT+01:00"	"L"	"00:12"	" 11/3/12 14:44:12 GMT+01:00"	"R"	"00:14"	" 11/4/12 21:07:40 GMT+01:00"	"00:12"	""
" 11/3/12 11:29:36 GMT+01:00"	"R"	"00:16"	" 11/3/12 11:29:36 GMT+01:00"	"R"	"00:14"	" 11/4/12 21:07:40 GMT+01:00"	"00:16"	""
" 11/3/12 9:19:53 GMT+01:00"	"L"	"00:06"	" 11/3/12 9:19:53 GMT+01:00"	"R"	"00:14"	" 11/4/12 21:07:40 GMT+01:00"	"00:06"	""
" 11/3/12 8:13:29 GMT+01:00"	"L"	"00:05"	" 11/3/12 8:13:29 GMT+01:00"	"R"	"00:14"	" 11/4/12 21:07:40 GMT+01:00"	"00:05"	""
" 11/3/12 5:10:13 GMT+01:00"	"R"	"00:11"	" 11/3/12 5:10:13 GMT+01:00"	"R"	"00:14"	" 11/4/12 21:07:40 GMT+01:00"	"00:11"	""
" 11/2/12 19:51:05 GMT+01:00"	"L"	"00:12"	" 11/2/12 19:51:05 GMT+01:00"	"R"	"00:14"	" 11/4/12 21:07:40 GMT+01:00"	"00:12"	""
" 11/2/12 17:57:04 GMT+01:00"	"R"	"00:10"	" 11/2/12 17:57:04 GMT+01:00"	"R"	"00:14"	" 11/4/12 21:07:40 GMT+01:00"	"00:10"	""
" 11/2/12 16:16:46 GMT+01:00"	"L"	"00:16"	" 11/2/12 16:16:46 GMT+01:00"	"R"	"00:14"	" 11/4/12 21:07:40 GMT+01:00"	"00:16"	""
" 11/2/12 12:35:25 GMT+01:00"	"R"	"00:18"	" 11/2/12 12:35:25 GMT+01:00"	"R"	"00:14"	" 11/4/12 21:07:40 GMT+01:00"	"00:18"	""
" 11/2/12 9:29:48 GMT+01:00"	"L"	"00:11"	" 11/2/12 9:29:48 GMT+01:00"	"R"	"00:14"	" 11/4/12 21:07:40 GMT+01:00"	"00:11"	""
" 11/2/12 7:35:45 GMT+01:00"	"L"	"00:05"	" 11/2/12 7:35:45 GMT+01:00"	"R"	"00:14"	" 11/4/12 21:07:40 GMT+01:00"	"00:05"	""
" 11/2/12 7:01:13 GMT+01:00"	"R"	"00:13"	" 11/2/12 7:01:13 GMT+01:00"	"R"	"00:14"	" 11/4/12 21:07:40 GMT+01:00"	"00:13"	""
" 11/1/12 19:49:00 GMT+01:00"	"L"	"00:16"	" 11/1/12 19:49:00 GMT+01:00"	"R"	"00:14"	" 11/4/12 21:07:40 GMT+01:00"	"00:16"	""
" 11/1/12 16:44:00 GMT+01:00"	"R"	"00:11"	" 11/1/12 16:44:00 GMT+01:00"	"R"	"00:14"	" 11/4/12 21:07:40 GMT+01:00"	"00:11"	""
" 11/1/12 13:44:25 GMT+01:00"	"L"	"00:19"	" 11/1/12 13:44:25 GMT+01:00"	"R"	"00:14"	" 11/4/12 21:07:40 GMT+01:00"	"00:19"	""
" 11/1/12 11:29:14 GMT+01:00"	"R"	"00:08"	" 11/1/12 11:29:14 GMT+01:00"	"R"	"00:14"	" 11/4/12 21:07:40 GMT+01:00"	"00:08"	""
" 11/1/12 8:59:01 GMT+01:00"	"L"	"00:13"	" 11/1/12 8:59:01 GMT+01:00"	"R"	"00:14"	" 11/4/12 21:07:40 GMT+01:00"	"00:13"	""
" 11/1/12 7:12:44 GMT+01:00"	"L"	"00:08"	" 11/1/12 7:12:44 GMT+01:00"	"R"	"00:14"	" 11/4/12 21:07:40 GMT+01:00"	"00:08"	""
" 11/1/12 2:50:58 GMT+01:00"	"L"	"00:05"	" 11/1/12 2:50:58 GMT+01:00"	"R"	"00:14"	" 11/4/12 21:07:40 GMT+01:00"	"00:05"	""
" 11/1/12 2:31:56 GMT+01:00"	"R"	"00:10"	" 11/1/12 2:31:56 GMT+01:00"	"R"	"00:14"	" 11/4/12 21:07:40 GMT+01:00"	"00:10"	""
" 10/31/12 18:15:14 GMT+01:00"	"L"	"00:12"	" 10/31/12 18:15:14 GMT+01:00"	"R"	"00:14"	" 11/4/12 21:07:40 GMT+01:00"	"00:12"	""
" 10/31/12 15:34:22 GMT+01:00"	"R"	"00:14"	" 10/31/12 15:34:22 GMT+01:00"	"R"	"00:14"	" 11/4/12 21:07:40 GMT+01:00"	"00:14"	""
" 10/31/12 12:15:35 GMT+01:00"	"L"	"00:11"	" 10/31/12 12:15:35 GMT+01:00"	"R"	"00:14"	" 11/4/12 21:07:40 GMT+01:00"	"00:11"	""
" 10/31/12 10:18:54 GMT+01:00"	"R"	"00:13"	" 10/31/12 10:18:54 GMT+01:00"	"R"	"00:14"	" 11/4/12 21:07:40 GMT+01:00"	"00:13"	""
" 10/31/12 8:49:31 GMT+01:00"	"R"	"00:07"	" 10/31/12 8:49:31 GMT+01:00"	"R"	"00:14"	" 11/4/12 21:07:40 GMT+01:00"	"00:07"	""
" 10/31/12 7:53:50 GMT+01:00"	"L"	"00:10"	" 10/31/12 7:53:50 GMT+01:00"	"R"	"00:14"	" 11/4/12 21:07:40 GMT+01:00"	"00:10"	""
" 10/31/12 3:55:39 GMT+01:00"	"R"	"00:13"	" 10/31/12 3:55:39 GMT+01:00"	"R"	"00:14"	" 11/4/12 21:07:40 GMT+01:00"	"00:13"	""
" 10/30/12 20:42:04 GMT+01:00"	"L"	"00:12"	" 10/30/12 20:42:04 GMT+01:00"	"R"	"00:14"	" 11/4/12 21:07:40 GMT+01:00"	"00:12"	""
" 10/30/12 17:54:55 GMT+01:00"	"R"	"00:11"	" 10/30/12 17:54:55 GMT+01:00"	"R"	"00:14"	" 11/4/12 21:07:40 GMT+01:00"	"00:11"	""
" 10/30/12 15:20:11 GMT+01:00"	"L"	"00:18"	" 10/30/12 15:20:11 GMT+01:00"	"R"	"00:14"	" 11/4/12 21:07:40 GMT+01:00"	"00:18"	""
" 10/30/12 12:57:30 GMT+01:00"	"R"	"00:14"	" 10/30/12 12:57:30 GMT+01:00"	"R"	"00:14"	" 11/4/12 21:07:40 GMT+01:00"	"00:14"	""
" 10/30/12 9:50:42 GMT+01:00"	"L"	"00:06"	" 10/30/12 9:50:42 GMT+01:00"	"R"	"00:14"	" 11/4/12 21:07:40 GMT+01:00"	"00:06"	""
" 10/30/12 9:12:12 GMT+01:00"	"R"	"00:10"	" 10/30/12 9:12:12 GMT+01:00"	"R"	"00:14"	" 11/4/12 21:07:40 GMT+01:00"	"00:10"	""
" 10/30/12 4:10:14 GMT+01:00"	"L"	"00:10"	" 10/30/12 4:10:14 GMT+01:00"	"R"	"00:14"	" 11/4/12 21:07:40 GMT+01:00"	"00:10"	""
" 10/30/12 3:43:38 GMT+01:00"	"L"	"00:05"	" 10/30/12 3:43:38 GMT+01:00"	"R"	"00:14"	" 11/4/12 21:07:40 GMT+01:00"	"00:05"	""
" 10/30/12 0:58:06 GMT+01:00"	"R"	"00:11"	" 10/30/12 0:58:06 GMT+01:00"	"R"	"00:14"	" 11/4/12 21:07:40 GMT+01:00"	"00:11"	""
" 10/29/12 20:13:30 GMT+01:00"	"L"	"00:12"	" 10/29/12 20:13:30 GMT+01:00"	"R"	"00:14"	" 11/4/12 21:07:40 GMT+01:00"	"00:12"	""
" 10/29/12 19:20:26 GMT+01:00"	"L"	"00:08"	" 10/29/12 19:20:26 GMT+01:00"	"R"	"00:14"	" 11/4/12 21:07:40 GMT+01:00"	"00:08"	""
" 10/29/12 16:33:12 GMT+01:00"	"R"	"00:14"	" 10/29/12 16:33:12 GMT+01:00"	"R"	"00:14"	" 11/4/12 21:07:40 GMT+01:00"	"00:14"	""
" 10/29/12 15:16:58 GMT+01:00"	"L"	"00:10"	" 10/29/12 15:16:58 GMT+01:00"	"R"	"00:14"	" 11/4/12 21:07:40 GMT+01:00"	"00:10"	""
" 10/29/12 14:51:59 GMT+01:00"	"L"	"00:05"	" 10/29/12 14:51:59 GMT+01:00"	"R"	"00:14"	" 11/4/12 21:07:40 GMT+01:00"	"00:05"	""
" 10/29/12 13:16:14 GMT+01:00"	"L"	"00:13"	" 10/29/12 13:16:14 GMT+01:00"	"R"	"00:14"	" 11/4/12 21:07:40 GMT+01:00"	"00:13"	""
" 10/29/12 8:54:18 GMT+01:00"	"R"	"00:14"	" 10/29/12 8:54:18 GMT+01:00"	"R"	"00:14"	" 11/4/12 21:07:40 GMT+01:00"	"00:14"	""
" 10/29/12 5:09:23 GMT+01:00"	"L"	"00:19"	" 10/29/12 5:09:23 GMT+01:00"	"R"	"00:14"	" 11/4/12 21:07:40 GMT+01:00"	"00:19"	""
" 10/29/12 2:11:18 GMT+01:00"	"R"	"00:12"	" 10/29/12 2:11:18 GMT+01:00"	"R"	"00:14"	" 11/4/12 21:07:40 GMT+01:00"	"00:12"	""
" 10/28/12 22:56:02 GMT+01:00"	"L"	"00:10"	" 10/28/12 22:56:02 GMT+01:00"	"R"	"00:14"	" 11/4/12 21:07:40 GMT+01:00"	"00:10"	""
" 10/28/12 18:05:45 GMT+01:00"	"R"	"00:10"	" 10/28/12 18:05:45 GMT+01:00"	"R"	"00:14"	" 11/4/12 21:07:40 GMT+01:00"	"00:10"	""
" 10/28/12 17:00:32 GMT+01:00"	"R"	"00:12"	" 10/28/12 17:00:32 GMT+01:00"	"R"	"00:14"	" 11/4/12 21:07:40 GMT+01:00"	"00:12"	""
" 10/28/12 14:23:47 GMT+01:00"	"L"	"00:13"	" 10/28/12 14:23:47 GMT+01:00"	"R"	"00:14"	" 11/4/12 21:07:40 GMT+01:00"	"00:13"	""
" 10/28/12 10:27:27 GMT+01:00"	"R"	"00:22"	" 10/28/12 10:27:27 GMT+01:00"	"R"	"00:14"	" 11/4/12 21:07:40 GMT+01:00"	"00:22"	""
" 10/28/12 9:00:33 GMT+01:00"	"L"	"00:10"	" 10/28/12 9:00:33 GMT+01:00"	"R"	"00:14"	" 11/4/12 21:07:40 GMT+01:00"	"00:10"	""
" 10/28/12 4:56:07 GMT+01:00"	"L"	"00:07"	" 10/28/12 4:56:07 GMT+01:00"	"R"	"00:14"	" 11/4/12 21:07:40 GMT+01:00"	"00:07"	""
" 10/28/12 2:14:01 GMT+01:00"	"R"	"00:23"	" 10/28/12 2:14:01 GMT+01:00"	"R"	"00:14"	" 11/4/12 21:07:40 GMT+01:00"	"00:23"	""
" 10/27/12 20:52:08 GMT+02:00"	"L"	"00:15"	" 10/27/12 20:52:08 GMT+02:00"	"R"	"00:14"	" 11/4/12 21:07:40 GMT+01:00"	"00:15"	""
" 10/27/12 18:00:00 GMT+02:00"	"R"	"00:10"	" 10/27/12 18:00:00 GMT+02:00"	"R"	"00:14"	" 11/4/12 21:07:40 GMT+01:00"	"00:10"	""
" 10/27/12 17:20:54 GMT+02:00"	"R"	"00:23"	" 10/27/12 17:20:54 GMT+02:00"	"R"	"00:14"	" 11/4/12 21:07:40 GMT+01:00"	"00:23"	""
" 10/27/12 15:44:55 GMT+02:00"	"R"	"00:09"	" 10/27/12 15:44:55 GMT+02:00"	"R"	"00:14"	" 11/4/12 21:07:40 GMT+01:00"	"00:09"	""
" 10/27/12 12:00:55 GMT+02:00"	"L"	"00:11"	" 10/27/12 12:00:55 GMT+02:00"	"R"	"00:14"	" 11/4/12 21:07:40 GMT+01:00"	"00:11"	""
" 10/27/12 9:45:05 GMT+02:00"	"R"	"00:17"	" 10/27/12 9:45:05 GMT+02:00"	"R"	"00:14"	" 11/4/12 21:07:40 GMT+01:00"	"00:17"	""
" 10/27/12 5:49:54 GMT+02:00"	"L"	"00:16"	" 10/27/12 5:49:54 GMT+02:00"	"R"	"00:14"	" 11/4/12 21:07:40 GMT+01:00"	"00:16"	""
" 10/27/12 3:53:34 GMT+02:00"	"L"	"00:03"	" 10/27/12 3:53:34 GMT+02:00"	"R"	"00:14"	" 11/4/12 21:07:40 GMT+01:00"	"00:03"	""
" 10/27/12 1:17:33 GMT+02:00"	"R"	"00:25"	" 10/27/12 1:17:33 GMT+02:00"	"R"	"00:14"	" 11/4/12 21:07:40 GMT+01:00"	"00:25"	""
" 10/26/12 21:02:12 GMT+02:00"	"L"	"00:05"	" 10/26/12 21:02:12 GMT+02:00"	"R"	"00:14"	" 11/4/12 21:07:40 GMT+01:00"	"00:05"	""
" 10/26/12 20:16:47 GMT+02:00"	"L"	"00:14"	" 10/26/12 20:16:47 GMT+02:00"	"R"	"00:14"	" 11/4/12 21:07:40 GMT+01:00"	"00:14"	""
" 10/26/12 15:57:23 GMT+02:00"	"R"	"00:12"	" 10/26/12 15:57:23 GMT+02:00"	"R"	"00:14"	" 11/4/12 21:07:40 GMT+01:00"	"00:12"	""
" 10/26/12 13:57:57 GMT+02:00"	"R"	"00:08"	" 10/26/12 13:57:57 GMT+02:00"	"R"	"00:14"	" 11/4/12 21:07:40 GMT+01:00"	"00:08"	""
" 10/26/12 11:00:02 GMT+02:00"	"L"	"00:27"	" 10/26/12 11:00:02 GMT+02:00"	"R"	"00:14"	" 11/4/12 21:07:40 GMT+01:00"	"00:27"	""
" 10/26/12 9:06:50 GMT+02:00"	"L"	"00:11"	" 10/26/12 9:06:50 GMT+02:00"	"R"	"00:14"	" 11/4/12 21:07:40 GMT+01:00"	"00:11"	""
" 10/26/12 5:35:00 GMT+02:00"	"R"	"00:12"	" 10/26/12 5:35:00 GMT+02:00"	"R"	"00:14"	" 11/4/12 21:07:40 GMT+01:00"	"00:12"	""
" 10/26/12 2:38:16 GMT+02:00"	"L"	"00:22"	" 10/26/12 2:38:16 GMT+02:00"	"R"	"00:14"	" 11/4/12 21:07:40 GMT+01:00"	"00:22"	""
" 10/26/12 1:08:38 GMT+02:00"	"L"	"00:17"	" 10/26/12 1:08:38 GMT+02:00"	"R"	"00:14"	" 11/4/12 21:07:40 GMT+01:00"	"00:17"	""
" 10/25/12 18:44:38 GMT+02:00"	"R"	"00:10"	" 10/25/12 18:44:38 GMT+02:00"	"R"	"00:14"	" 11/4/12 21:07:40 GMT+01:00"	"00:10"	""
" 10/25/12 16:28:43 GMT+02:00"	"L"	"00:12"	" 10/25/12 16:28:43 GMT+02:00"	"R"	"00:14"	" 11/4/12 21:07:40 GMT+01:00"	"00:12"	""
" 10/25/12 15:07:20 GMT+02:00"	"L"	"00:08"	" 10/25/12 15:07:20 GMT+02:00"	"R"	"00:14"	" 11/4/12 21:07:40 GMT+01:00"	"00:08"	""
" 10/25/12 12:22:32 GMT+02:00"	"R"	"00:20"	" 10/25/12 12:22:32 GMT+02:00"	"R"	"00:14"	" 11/4/12 21:07:40 GMT+01:00"	"00:20"	""
" 10/25/12 9:40:46 GMT+02:00"	"L"	"00:07"	" 10/25/12 9:40:46 GMT+02:00"	"R"	"00:14"	" 11/4/12 21:07:40 GMT+01:00"	"00:07"	""
" 10/25/12 8:44:13 GMT+02:00"	"L"	"00:06"	" 10/25/12 8:44:13 GMT+02:00"	"R"	"00:14"	" 11/4/12 21:07:40 GMT+01:00"	"00:06"	""
" 10/25/12 6:11:20 GMT+02:00"	"R"	"00:15"	" 10/25/12 6:11:20 GMT+02:00"	"R"	"00:14"	" 11/4/12 21:07:40 GMT+01:00"	"00:15"	""
" 10/25/12 1:40:25 GMT+02:00"	"L"	"00:10"	" 10/25/12 1:40:25 GMT+02:00"	"R"	"00:14"	" 11/4/12 21:07:40 GMT+01:00"	"00:10"	""
" 10/24/12 20:11:41 GMT+02:00"	"R"	"00:22"	" 10/24/12 20:11:41 GMT+02:00"	"R"	"00:14"	" 11/4/12 21:07:40 GMT+01:00"	"00:22"	""
" 10/24/12 19:24:40 GMT+02:00"	"R"	"00:12"	" 10/24/12 19:24:40 GMT+02:00"	"R"	"00:14"	" 11/4/12 21:07:40 GMT+01:00"	"00:12"	""
" 10/24/12 14:47:26 GMT+02:00"	"L"	"00:16"	" 10/24/12 14:47:26 GMT+02:00"	"R"	"00:14"	" 11/4/12 21:07:40 GMT+01:00"	"00:16"	""
" 10/24/12 11:38:08 GMT+02:00"	"R"	"00:12"	" 10/24/12 11:38:08 GMT+02:00"	"R"	"00:14"	" 11/4/12 21:07:40 GMT+01:00"	"00:12"	""
" 10/24/12 9:38:23 GMT+02:00"	"L"	"00:17"	" 10/24/12 9:38:23 GMT+02:00"	"R"	"00:14"	" 11/4/12 21:07:40 GMT+01:00"	"00:17"	""
" 10/24/12 5:25:56 GMT+02:00"	"R"	"00:15"	" 10/24/12 5:25:56 GMT+02:00"	"R"	"00:14"	" 11/4/12 21:07:40 GMT+01:00"	"00:15"	""
" 10/24/12 1:06:04 GMT+02:00"	"L"	"00:31"	" 10/24/12 1:06:04 GMT+02:00"	"R"	"00:14"	" 11/4/12 21:07:40 GMT+01:00"	"00:31"	""
" 10/23/12 19:02:07 GMT+02:00"	"R"	"00:27"	" 10/23/12 19:02:07 GMT+02:00"	"R"	"00:14"	" 11/4/12 21:07:40 GMT+01:00"	"00:27"	""
" 10/23/12 17:04:25 GMT+02:00"	"L"	"00:14"	" 10/23/12 17:04:25 GMT+02:00"	"R"	"00:14"	" 11/4/12 21:07:40 GMT+01:00"	"00:14"	""
" 10/23/12 10:59:14 GMT+02:00"	"R"	"00:25"	" 10/23/12 10:59:14 GMT+02:00"	"R"	"00:14"	" 11/4/12 21:07:40 GMT+01:00"	"00:25"	""
" 10/23/12 8:40:32 GMT+02:00"	"L"	"00:05"	" 10/23/12 8:40:32 GMT+02:00"	"R"	"00:14"	" 11/4/12 21:07:40 GMT+01:00"	"00:05"	""
" 10/23/12 7:12:34 GMT+02:00"	"L"	"00:15"	" 10/23/12 7:12:34 GMT+02:00"	"R"	"00:14"	" 11/4/12 21:07:40 GMT+01:00"	"00:15"	""
" 10/23/12 4:52:41 GMT+02:00"	"R"	"00:11"	" 10/23/12 4:52:41 GMT+02:00"	"R"	"00:14"	" 11/4/12 21:07:40 GMT+01:00"	"00:11"	""
" 10/23/12 2:01:11 GMT+02:00"	"L"	"00:19"	" 10/23/12 2:01:11 GMT+02:00"	"R"	"00:14"	" 11/4/12 21:07:40 GMT+01:00"	"00:19"	""
" 10/22/12 21:05:54 GMT+02:00"	"L"	"00:05"	" 10/22/12 21:05:54 GMT+02:00"	"R"	"00:14"	" 11/4/12 21:07:40 GMT+01:00"	"00:05"	""
" 10/22/12 20:30:21 GMT+02:00"	"R"	"00:12"	" 10/22/12 20:30:21 GMT+02:00"	"R"	"00:14"	" 11/4/12 21:07:40 GMT+01:00"	"00:12"	""
" 10/22/12 19:05:50 GMT+02:00"	"L"	"00:10"	" 10/22/12 19:05:50 GMT+02:00"	"R"	"00:14"	" 11/4/12 21:07:40 GMT+01:00"	"00:10"	""
" 10/22/12 16:01:04 GMT+02:00"	"R"	"00:10"	" 10/22/12 16:01:04 GMT+02:00"	"R"	"00:14"	" 11/4/12 21:07:40 GMT+01:00"	"00:10"	""
" 10/22/12 13:29:50 GMT+02:00"	"L"	"00:11"	" 10/22/12 13:29:50 GMT+02:00"	"R"	"00:14"	" 11/4/12 21:07:40 GMT+01:00"	"00:11"	""
" 10/22/12 11:07:26 GMT+02:00"	"R"	"00:20"	" 10/22/12 11:07:26 GMT+02:00"	"R"	"00:14"	" 11/4/12 21:07:40 GMT+01:00"	"00:20"	""
" 10/22/12 9:31:28 GMT+02:00"	"L"	"00:10"	" 10/22/12 9:31:28 GMT+02:00"	"R"	"00:14"	" 11/4/12 21:07:40 GMT+01:00"	"00:10"	""
" 10/22/12 7:53:14 GMT+02:00"	"L"	"00:06"	" 10/22/12 7:53:14 GMT+02:00"	"R"	"00:14"	" 11/4/12 21:07:40 GMT+01:00"	"00:06"	""
" 10/22/12 5:54:42 GMT+02:00"	"R"	"00:11"	" 10/22/12 5:54:42 GMT+02:00"	"R"	"00:14"	" 11/4/12 21:07:40 GMT+01:00"	"00:11"	""
" 10/22/12 3:27:33 GMT+02:00"	"L"	"00:13"	" 10/22/12 3:27:33 GMT+02:00"	"R"	"00:14"	" 11/4/12 21:07:40 GMT+01:00"	"00:13"	""
" 10/22/12 0:04:05 GMT+02:00"	"R"	"00:27"	" 10/22/12 0:04:05 GMT+02:00"	"R"	"00:14"	" 11/4/12 21:07:40 GMT+01:00"	"00:27"	""
" 10/21/12 19:09:54 GMT+02:00"	"L"	"00:16"	" 10/21/12 19:09:54 GMT+02:00"	"R"	"00:14"	" 11/4/12 21:07:40 GMT+01:00"	"00:16"	""
" 10/21/12 17:57:53 GMT+02:00"	"L"	"00:17"	" 10/21/12 17:57:53 GMT+02:00"	"R"	"00:14"	" 11/4/12 21:07:40 GMT+01:00"	"00:17"	""
" 10/21/12 15:18:00 GMT+02:00"	"R"	"00:14"	" 10/21/12 15:18:00 GMT+02:00"	"R"	"00:14"	" 11/4/12 21:07:40 GMT+01:00"	"00:14"	""
" 10/21/12 11:46:10 GMT+02:00"	"L"	"00:12"	" 10/21/12 11:46:10 GMT+02:00"	"R"	"00:14"	" 11/4/12 21:07:40 GMT+01:00"	"00:12"	""
" 10/21/12 9:20:25 GMT+02:00"	"R"	"00:08"	" 10/21/12 9:20:25 GMT+02:00"	"R"	"00:14"	" 11/4/12 21:07:40 GMT+01:00"	"00:08"	""
" 10/21/12 7:20:25 GMT+02:00"	"L"	"00:11"	" 10/21/12 7:20:25 GMT+02:00"	"R"	"00:14"	" 11/4/12 21:07:40 GMT+01:00"	"00:11"	""
" 10/21/12 3:43:56 GMT+02:00"	"R"	"00:17"	" 10/21/12 3:43:56 GMT+02:00"	"R"	"00:14"	" 11/4/12 21:07:40 GMT+01:00"	"00:17"	""
" 10/21/12 0:39:08 GMT+02:00"	"L"	"00:07"	" 10/21/12 0:39:08 GMT+02:00"	"R"	"00:14"	" 11/4/12 21:07:40 GMT+01:00"	"00:07"	""
" 10/20/12 19:59:25 GMT+02:00"	"R"	"00:11"	" 10/20/12 19:59:25 GMT+02:00"	"R"	"00:14"	" 11/4/12 21:07:40 GMT+01:00"	"00:11"	""
" 10/20/12 18:30:34 GMT+02:00"	"R"	"00:21"	" 10/20/12 18:30:34 GMT+02:00"	"R"	"00:14"	" 11/4/12 21:07:40 GMT+01:00"	"00:21"	""
" 10/20/12 16:43:50 GMT+02:00"	"L"	"00:12"	" 10/20/12 16:43:50 GMT+02:00"	"R"	"00:14"	" 11/4/12 21:07:40 GMT+01:00"	"00:12"	""
" 10/20/12 16:07:01 GMT+02:00"	"L"	"00:09"	" 10/20/12 16:07:01 GMT+02:00"	"R"	"00:14"	" 11/4/12 21:07:40 GMT+01:00"	"00:09"	""
" 10/20/12 13:45:33 GMT+02:00"	"R"	"00:21"	" 10/20/12 13:45:33 GMT+02:00"	"R"	"00:14"	" 11/4/12 21:07:40 GMT+01:00"	"00:21"	""
" 10/20/12 11:42:43 GMT+02:00"	"L"	"00:11"	" 10/20/12 11:42:43 GMT+02:00"	"R"	"00:14"	" 11/4/12 21:07:40 GMT+01:00"	"00:11"	""
" 10/20/12 10:30:50 GMT+02:00"	"L"	"00:12"	" 10/20/12 10:30:50 GMT+02:00"	"R"	"00:14"	" 11/4/12 21:07:40 GMT+01:00"	"00:12"	""
" 10/20/12 7:34:53 GMT+02:00"	"R"	"00:10"	" 10/20/12 7:34:53 GMT+02:00"	"R"	"00:14"	" 11/4/12 21:07:40 GMT+01:00"	"00:10"	""
" 10/20/12 5:27:13 GMT+02:00"	"R"	"00:09"	" 10/20/12 5:27:13 GMT+02:00"	"R"	"00:14"	" 11/4/12 21:07:40 GMT+01:00"	"00:09"	""
" 10/20/12 2:38:49 GMT+02:00"	"L"	"00:13"	" 10/20/12 2:38:49 GMT+02:00"	"R"	"00:14"	" 11/4/12 21:07:40 GMT+01:00"	"00:13"	""
" 10/19/12 20:55:49 GMT+02:00"	"R"	"00:13"	" 10/19/12 20:55:49 GMT+02:00"	"R"	"00:14"	" 11/4/12 21:07:40 GMT+01:00"	"00:13"	""
" 10/19/12 18:28:11 GMT+02:00"	"L"	"00:10"	" 10/19/12 18:28:11 GMT+02:00"	"R"	"00:14"	" 11/4/12 21:07:40 GMT+01:00"	"00:10"	""
" 10/19/12 16:04:29 GMT+02:00"	"R"	"00:17"	" 10/19/12 16:04:29 GMT+02:00"	"R"	"00:14"	" 11/4/12 21:07:40 GMT+01:00"	"00:17"	""
" 10/19/12 12:52:28 GMT+02:00"	"L"	"00:11"	" 10/19/12 12:52:28 GMT+02:00"	"R"	"00:14"	" 11/4/12 21:07:40 GMT+01:00"	"00:11"	""
" 10/19/12 12:30:32 GMT+02:00"	"L"	"00:10"	" 10/19/12 12:30:32 GMT+02:00"	"R"	"00:14"	" 11/4/12 21:07:40 GMT+01:00"	"00:10"	""
" 10/19/12 8:27:45 GMT+02:00"	"R"	"00:03"	" 10/19/12 8:27:45 GMT+02:00"	"R"	"00:14"	" 11/4/12 21:07:40 GMT+01:00"	"00:03"	""
" 10/19/12 5:36:18 GMT+02:00"	"L"	"00:07"	" 10/19/12 5:36:18 GMT+02:00"	"R"	"00:14"	" 11/4/12 21:07:40 GMT+01:00"	"00:07"	""
" 10/19/12 4:53:32 GMT+02:00"	"L"	"00:11"	" 10/19/12 4:53:32 GMT+02:00"	"R"	"00:14"	" 11/4/12 21:07:40 GMT+01:00"	"00:11"	""
" 10/19/12 1:21:58 GMT+02:00"	"R"	"00:26"	" 10/19/12 1:21:58 GMT+02:00"	"R"	"00:14"	" 11/4/12 21:07:40 GMT+01:00"	"00:26"	""
" 10/18/12 18:54:29 GMT+02:00"	"L"	"00:09"	" 10/18/12 18:54:29 GMT+02:00"	"R"	"00:14"	" 11/4/12 21:07:40 GMT+01:00"	"00:09"	""
" 10/18/12 18:20:15 GMT+02:00"	"L"	"00:09"	" 10/18/12 18:20:15 GMT+02:00"	"R"	"00:14"	" 11/4/12 21:07:40 GMT+01:00"	"00:09"	""
" 10/18/12 16:30:23 GMT+02:00"	"R"	"00:21"	" 10/18/12 16:30:23 GMT+02:00"	"R"	"00:14"	" 11/4/12 21:07:40 GMT+01:00"	"00:21"	""
" 10/18/12 16:00:41 GMT+02:00"	"L"	"00:11"	" 10/18/12 16:00:41 GMT+02:00"	"R"	"00:14"	" 11/4/12 21:07:40 GMT+01:00"	"00:11"	""
" 10/18/12 12:33:12 GMT+02:00"	"L"	"00:14"	" 10/18/12 12:33:12 GMT+02:00"	"R"	"00:14"	" 11/4/12 21:07:40 GMT+01:00"	"00:14"	""
" 10/18/12 9:10:20 GMT+02:00"	"R"	"00:10"	" 10/18/12 9:10:20 GMT+02:00"	"R"	"00:14"	" 11/4/12 21:07:40 GMT+01:00"	"00:10"	""
" 10/18/12 8:42:30 GMT+02:00"	"R"	"00:11"	" 10/18/12 8:42:30 GMT+02:00"	"R"	"00:14"	" 11/4/12 21:07:40 GMT+01:00"	"00:11"	""
" 10/18/12 6:09:39 GMT+02:00"	"L"	"00:14"	" 10/18/12 6:09:39 GMT+02:00"	"R"	"00:14"	" 11/4/12 21:07:40 GMT+01:00"	"00:14"	""
" 10/18/12 2:14:44 GMT+02:00"	"R"	"00:15"	" 10/18/12 2:14:44 GMT+02:00"	"R"	"00:14"	" 11/4/12 21:07:40 GMT+01:00"	"00:15"	""
" 10/17/12 21:30:29 GMT+02:00"	"L"	"00:21"	" 10/17/12 21:30:29 GMT+02:00"	"R"	"00:14"	" 11/4/12 21:07:40 GMT+01:00"	"00:21"	""
" 10/17/12 20:35:21 GMT+02:00"	"R"	"00:17"	" 10/17/12 20:35:21 GMT+02:00"	"R"	"00:14"	" 11/4/12 21:07:40 GMT+01:00"	"00:17"	""
" 10/17/12 17:57:58 GMT+02:00"	"R"	"00:12"	" 10/17/12 17:57:58 GMT+02:00"	"R"	"00:14"	" 11/4/12 21:07:40 GMT+01:00"	"00:12"	""
" 10/17/12 15:54:20 GMT+02:00"	"R"	"00:13"	" 10/17/12 15:54:20 GMT+02:00"	"R"	"00:14"	" 11/4/12 21:07:40 GMT+01:00"	"00:13"	""
" 10/17/12 14:15:07 GMT+02:00"	"R"	"00:20"	" 10/17/12 14:15:07 GMT+02:00"	"R"	"00:14"	" 11/4/12 21:07:40 GMT+01:00"	"00:20"	""
" 10/17/12 13:24:05 GMT+02:00"	"R"	"00:12"	" 10/17/12 13:24:05 GMT+02:00"	"R"	"00:14"	" 11/4/12 21:07:40 GMT+01:00"	"00:12"	""
" 10/17/12 9:42:34 GMT+02:00"	"L"	"00:36"	" 10/17/12 9:42:34 GMT+02:00"	"R"	"00:14"	" 11/4/12 21:07:40 GMT+01:00"	"00:36"	""
" 10/17/12 9:28:55 GMT+02:00"	"L"	"00:05"	" 10/17/12 9:28:55 GMT+02:00"	"R"	"00:14"	" 11/4/12 21:07:40 GMT+01:00"	"00:05"	""
" 10/17/12 7:43:19 GMT+02:00"	"L"	"00:11"	" 10/17/12 7:43:19 GMT+02:00"	"R"	"00:14"	" 11/4/12 21:07:40 GMT+01:00"	"00:11"	""
" 10/17/12 3:13:39 GMT+02:00"	"R"	"00:26"	" 10/17/12 3:13:39 GMT+02:00"	"R"	"00:14"	" 11/4/12 21:07:40 GMT+01:00"	"00:26"	""
" 10/16/12 21:06:04 GMT+02:00"	"L"	"00:10"	" 10/16/12 21:06:04 GMT+02:00"	"R"	"00:14"	" 11/4/12 21:07:40 GMT+01:00"	"00:10"	""
" 10/16/12 19:05:45 GMT+02:00"	"R"	"00:15"	" 10/16/12 19:05:45 GMT+02:00"	"R"	"00:14"	" 11/4/12 21:07:40 GMT+01:00"	"00:15"	""
" 10/16/12 18:19:32 GMT+02:00"	"R"	"00:08"	" 10/16/12 18:19:32 GMT+02:00"	"R"	"00:14"	" 11/4/12 21:07:40 GMT+01:00"	"00:08"	""
" 10/16/12 15:30:19 GMT+02:00"	"L"	"00:19"	" 10/16/12 15:30:19 GMT+02:00"	"R"	"00:14"	" 11/4/12 21:07:40 GMT+01:00"	"00:19"	""
" 10/16/12 13:03:58 GMT+02:00"	"R"	"00:15"	" 10/16/12 13:03:58 GMT+02:00"	"R"	"00:14"	" 11/4/12 21:07:40 GMT+01:00"	"00:15"	""
" 10/16/12 10:14:54 GMT+02:00"	"L"	"00:08"	" 10/16/12 10:14:54 GMT+02:00"	"R"	"00:14"	" 11/4/12 21:07:40 GMT+01:00"	"00:08"	""
" 10/16/12 8:37:43 GMT+02:00"	"L"	"00:09"	" 10/16/12 8:37:43 GMT+02:00"	"R"	"00:14"	" 11/4/12 21:07:40 GMT+01:00"	"00:09"	""
" 10/16/12 5:35:25 GMT+02:00"	"R"	"00:10"	" 10/16/12 5:35:25 GMT+02:00"	"R"	"00:14"	" 11/4/12 21:07:40 GMT+01:00"	"00:10"	""
" 10/16/12 1:37:36 GMT+02:00"	"L"	"00:20"	" 10/16/12 1:37:36 GMT+02:00"	"R"	"00:14"	" 11/4/12 21:07:40 GMT+01:00"	"00:20"	""
" 10/15/12 21:35:56 GMT+02:00"	"R"	"00:08"	" 10/15/12 21:35:56 GMT+02:00"	"R"	"00:14"	" 11/4/12 21:07:40 GMT+01:00"	"00:08"	""
" 10/15/12 18:20:22 GMT+02:00"	"L"	"00:13"	" 10/15/12 18:20:22 GMT+02:00"	"R"	"00:14"	" 11/4/12 21:07:40 GMT+01:00"	"00:13"	""
" 10/15/12 16:40:45 GMT+02:00"	"R"	"00:16"	" 10/15/12 16:40:45 GMT+02:00"	"R"	"00:14"	" 11/4/12 21:07:40 GMT+01:00"	"00:16"	""
" 10/15/12 14:31:17 GMT+02:00"	"L"	"00:19"	" 10/15/12 14:31:17 GMT+02:00"	"R"	"00:14"	" 11/4/12 21:07:40 GMT+01:00"	"00:19"	""
" 10/15/12 11:32:03 GMT+02:00"	"R"	"00:10"	" 10/15/12 11:32:03 GMT+02:00"	"R"	"00:14"	" 11/4/12 21:07:40 GMT+01:00"	"00:10"	""
" 10/15/12 9:46:13 GMT+02:00"	"R"	"00:16"	" 10/15/12 9:46:13 GMT+02:00"	"R"	"00:14"	" 11/4/12 21:07:40 GMT+01:00"	"00:16"	""
" 10/15/12 7:48:04 GMT+02:00"	"L"	"00:16"	" 10/15/12 7:48:04 GMT+02:00"	"R"	"00:14"	" 11/4/12 21:07:40 GMT+01:00"	"00:16"	""
" 10/15/12 6:02:56 GMT+02:00"	"L"	"00:09"	" 10/15/12 6:02:56 GMT+02:00"	"R"	"00:14"	" 11/4/12 21:07:40 GMT+01:00"	"00:09"	""
" 10/15/12 2:42:25 GMT+02:00"	"R"	"00:16"	" 10/15/12 2:42:25 GMT+02:00"	"R"	"00:14"	" 11/4/12 21:07:40 GMT+01:00"	"00:16"	""
" 10/14/12 23:44:39 GMT+02:00"	"L"	"00:21"	" 10/14/12 23:44:39 GMT+02:00"	"R"	"00:14"	" 11/4/12 21:07:40 GMT+01:00"	"00:21"	""
" 10/14/12 18:53:48 GMT+02:00"	"L"	"00:08"	" 10/14/12 18:53:48 GMT+02:00"	"R"	"00:14"	" 11/4/12 21:07:40 GMT+01:00"	"00:08"	""
" 10/14/12 17:05:36 GMT+02:00"	"R"	"00:07"	" 10/14/12 17:05:36 GMT+02:00"	"R"	"00:14"	" 11/4/12 21:07:40 GMT+01:00"	"00:07"	""
" 10/14/12 16:01:52 GMT+02:00"	"R"	"00:24"	" 10/14/12 16:01:52 GMT+02:00"	"R"	"00:14"	" 11/4/12 21:07:40 GMT+01:00"	"00:24"	""
" 10/14/12 12:12:38 GMT+02:00"	"L"	"00:20"	" 10/14/12 12:12:38 GMT+02:00"	"R"	"00:14"	" 11/4/12 21:07:40 GMT+01:00"	"00:20"	""
" 10/14/12 10:30:08 GMT+02:00"	"R"	"00:14"	" 10/14/12 10:30:08 GMT+02:00"	"R"	"00:14"	" 11/4/12 21:07:40 GMT+01:00"	"00:14"	""
" 10/14/12 8:55:45 GMT+02:00"	"L"	"00:09"	" 10/14/12 8:55:45 GMT+02:00"	"R"	"00:14"	" 11/4/12 21:07:40 GMT+01:00"	"00:09"	""
" 10/14/12 6:55:01 GMT+02:00"	"L"	"00:13"	" 10/14/12 6:55:01 GMT+02:00"	"R"	"00:14"	" 11/4/12 21:07:40 GMT+01:00"	"00:13"	""
" 10/14/12 4:33:46 GMT+02:00"	"L"	"00:10"	" 10/14/12 4:33:46 GMT+02:00"	"R"	"00:14"	" 11/4/12 21:07:40 GMT+01:00"	"00:10"	""
" 10/14/12 0:53:43 GMT+02:00"	"R"	"00:24"	" 10/14/12 0:53:43 GMT+02:00"	"R"	"00:14"	" 11/4/12 21:07:40 GMT+01:00"	"00:24"	""
" 10/13/12 18:32:05 GMT+02:00"	"L"	"00:11"	" 10/13/12 18:32:05 GMT+02:00"	"R"	"00:14"	" 11/4/12 21:07:40 GMT+01:00"	"00:11"	""
" 10/13/12 16:30:27 GMT+02:00"	"R"	"00:18"	" 10/13/12 16:30:27 GMT+02:00"	"R"	"00:14"	" 11/4/12 21:07:40 GMT+01:00"	"00:18"	""
" 10/13/12 12:36:19 GMT+02:00"	"L"	"00:15"	" 10/13/12 12:36:19 GMT+02:00"	"R"	"00:14"	" 11/4/12 21:07:40 GMT+01:00"	"00:15"	""
" 10/13/12 9:16:07 GMT+02:00"	"R"	"00:16"	" 10/13/12 9:16:07 GMT+02:00"	"R"	"00:14"	" 11/4/12 21:07:40 GMT+01:00"	"00:16"	""
" 10/13/12 5:03:35 GMT+02:00"	"L"	"00:06"	" 10/13/12 5:03:35 GMT+02:00"	"R"	"00:14"	" 11/4/12 21:07:40 GMT+01:00"	"00:06"	""
" 10/13/12 3:33:21 GMT+02:00"	"L"	"00:14"	" 10/13/12 3:33:21 GMT+02:00"	"R"	"00:14"	" 11/4/12 21:07:40 GMT+01:00"	"00:14"	""
" 10/13/12 2:55:43 GMT+02:00"	"R"	"00:11"	" 10/13/12 2:55:43 GMT+02:00"	"R"	"00:14"	" 11/4/12 21:07:40 GMT+01:00"	"00:11"	""
" 10/13/12 1:24:55 GMT+02:00"	"R"	"00:20"	" 10/13/12 1:24:55 GMT+02:00"	"R"	"00:14"	" 11/4/12 21:07:40 GMT+01:00"	"00:20"	""
" 10/12/12 22:04:03 GMT+02:00"	"L"	"00:14"	" 10/12/12 22:04:03 GMT+02:00"	"R"	"00:14"	" 11/4/12 21:07:40 GMT+01:00"	"00:14"	""
" 10/12/12 19:14:32 GMT+02:00"	"R"	"00:15"	" 10/12/12 19:14:32 GMT+02:00"	"R"	"00:14"	" 11/4/12 21:07:40 GMT+01:00"	"00:15"	""
" 10/12/12 17:40:55 GMT+02:00"	"L"	"00:15"	" 10/12/12 17:40:55 GMT+02:00"	"R"	"00:14"	" 11/4/12 21:07:40 GMT+01:00"	"00:15"	""
" 10/12/12 16:20:23 GMT+02:00"	"L"	"00:11"	" 10/12/12 16:20:23 GMT+02:00"	"R"	"00:14"	" 11/4/12 21:07:40 GMT+01:00"	"00:11"	""
" 10/12/12 12:34:47 GMT+02:00"	"R"	"00:18"	" 10/12/12 12:34:47 GMT+02:00"	"R"	"00:14"	" 11/4/12 21:07:40 GMT+01:00"	"00:18"	""
" 10/12/12 8:11:54 GMT+02:00"	"L"	"00:08"	" 10/12/12 8:11:54 GMT+02:00"	"R"	"00:14"	" 11/4/12 21:07:40 GMT+01:00"	"00:08"	""
" 10/12/12 6:40:05 GMT+02:00"	"L"	"00:08"	" 10/12/12 6:40:05 GMT+02:00"	"R"	"00:14"	" 11/4/12 21:07:40 GMT+01:00"	"00:08"	""
" 10/12/12 3:45:59 GMT+02:00"	"R"	"00:17"	" 10/12/12 3:45:59 GMT+02:00"	"R"	"00:14"	" 11/4/12 21:07:40 GMT+01:00"	"00:17"	""
" 10/12/12 2:15:48 GMT+02:00"	"L"	"00:04"	" 10/12/12 2:15:48 GMT+02:00"	"R"	"00:14"	" 11/4/12 21:07:40 GMT+01:00"	"00:04"	""
" 10/12/12 1:44:21 GMT+02:00"	"L"	"00:13"	" 10/12/12 1:44:21 GMT+02:00"	"R"	"00:14"	" 11/4/12 21:07:40 GMT+01:00"	"00:13"	""
" 10/11/12 21:17:21 GMT+02:00"	"R"	"00:13"	" 10/11/12 21:17:21 GMT+02:00"	"R"	"00:14"	" 11/4/12 21:07:40 GMT+01:00"	"00:13"	""
" 10/11/12 18:41:29 GMT+02:00"	"L"	"00:17"	" 10/11/12 18:41:29 GMT+02:00"	"R"	"00:14"	" 11/4/12 21:07:40 GMT+01:00"	"00:17"	""
" 10/11/12 16:53:29 GMT+02:00"	"R"	"00:14"	" 10/11/12 16:53:29 GMT+02:00"	"R"	"00:14"	" 11/4/12 21:07:40 GMT+01:00"	"00:14"	""
" 10/11/12 14:43:39 GMT+02:00"	"L"	"00:17"	" 10/11/12 14:43:39 GMT+02:00"	"R"	"00:14"	" 11/4/12 21:07:40 GMT+01:00"	"00:17"	""
" 10/11/12 12:00:38 GMT+02:00"	"R"	"00:23"	" 10/11/12 12:00:38 GMT+02:00"	"R"	"00:14"	" 11/4/12 21:07:40 GMT+01:00"	"00:23"	""
" 10/11/12 10:01:14 GMT+02:00"	"R"	"00:07"	" 10/11/12 10:01:14 GMT+02:00"	"R"	"00:14"	" 11/4/12 21:07:40 GMT+01:00"	"00:07"	""
" 10/11/12 8:57:55 GMT+02:00"	"L"	"00:15"	" 10/11/12 8:57:55 GMT+02:00"	"R"	"00:14"	" 11/4/12 21:07:40 GMT+01:00"	"00:15"	""
" 10/11/12 7:23:46 GMT+02:00"	"L"	"00:06"	" 10/11/12 7:23:46 GMT+02:00"	"R"	"00:14"	" 11/4/12 21:07:40 GMT+01:00"	"00:06"	""
" 10/11/12 6:54:32 GMT+02:00"	"L"	"00:12"	" 10/11/12 6:54:32 GMT+02:00"	"R"	"00:14"	" 11/4/12 21:07:40 GMT+01:00"	"00:12"	""
" 10/11/12 2:13:30 GMT+02:00"	"R"	"00:24"	" 10/11/12 2:13:30 GMT+02:00"	"R"	"00:14"	" 11/4/12 21:07:40 GMT+01:00"	"00:24"	""
" 10/8/12 14:03:14 GMT+02:00"	"R"	"00:27"	" 10/8/12 14:03:14 GMT+02:00"	"L"	"00:01"	" 10/8/12 14:15:34 GMT+02:00"	"00:28"	""
" 10/8/12 12:15:57 GMT+02:00"	"L"	"00:16"	" 10/8/12 12:15:57 GMT+02:00"	"L"	"00:01"	" 10/8/12 14:15:34 GMT+02:00"	"00:16"	""
" 10/8/12 10:16:43 GMT+02:00"	"L"	"00:29"	" 10/8/12 10:16:43 GMT+02:00"	"L"	"00:01"	" 10/8/12 14:15:34 GMT+02:00"	"00:29"	""
" 10/8/12 5:28:04 GMT+02:00"	"R"	"00:19"	" 10/8/12 5:28:04 GMT+02:00"	"L"	"00:01"	" 10/8/12 14:15:34 GMT+02:00"	"00:19"	""
" 10/8/12 1:52:33 GMT+02:00"	"L"	"00:18"	" 10/8/12 1:52:33 GMT+02:00"	"L"	"00:01"	" 10/8/12 14:15:34 GMT+02:00"	"00:18"	""
" 10/7/12 20:37:34 GMT+02:00"	"R"	"00:16"	" 10/7/12 20:37:34 GMT+02:00"	"L"	"00:01"	" 10/8/12 14:15:34 GMT+02:00"	"00:16"	""
" 10/7/12 18:53:26 GMT+02:00"	"L"	"00:07"	" 10/7/12 18:53:26 GMT+02:00"	"L"	"00:01"	" 10/8/12 14:15:34 GMT+02:00"	"00:07"	""
" 10/7/12 18:04:13 GMT+02:00"	"L"	"00:11"	" 10/7/12 18:04:13 GMT+02:00"	"L"	"00:01"	" 10/8/12 14:15:34 GMT+02:00"	"00:11"	""
" 10/7/12 15:50:19 GMT+02:00"	"R"	"00:29"	" 10/7/12 15:50:19 GMT+02:00"	"L"	"00:01"	" 10/8/12 14:15:34 GMT+02:00"	"00:29"	""
" 10/7/12 11:56:22 GMT+02:00"	"L"	"00:26"	" 10/7/12 11:56:22 GMT+02:00"	"L"	"00:01"	" 10/8/12 14:15:34 GMT+02:00"	"00:26"	""
" 10/7/12 10:04:30 GMT+02:00"	"R"	"00:07"	" 10/7/12 10:04:30 GMT+02:00"	"L"	"00:01"	" 10/8/12 14:15:34 GMT+02:00"	"00:07"	""
" 10/7/12 9:28:33 GMT+02:00"	"R"	"00:15"	" 10/7/12 9:28:33 GMT+02:00"	"L"	"00:01"	" 10/8/12 14:15:34 GMT+02:00"	"00:15"	""
" 10/7/12 5:45:49 GMT+02:00"	"L"	"00:15"	" 10/7/12 5:45:49 GMT+02:00"	"L"	"00:01"	" 10/8/12 14:15:34 GMT+02:00"	"00:15"	""
" 10/7/12 0:30:38 GMT+02:00"	"R"	"00:24"	" 10/7/12 0:30:38 GMT+02:00"	"L"	"00:01"	" 10/8/12 14:15:34 GMT+02:00"	"00:24"	"+2 burps"
" 10/6/12 18:27:42 GMT+02:00"	"L"	"00:20"	" 10/6/12 18:27:42 GMT+02:00"	"L"	"00:01"	" 10/8/12 14:15:34 GMT+02:00"	"00:20"	""